query,type
what was the weather on 19 may 2039,weather
Whats the weather in Makrāna,weather
what would be the weather at around 5 11 pm,weather
low temp around 24 27 am,weather
is it Sandstorms outside,weather
ask Big Sky when is Foggy on yesterday,weather
what would be the weather at around 23 12 am,weather
what will be the weather in after 4 29 pm ,weather
will it avalanche 20 nov 2074,weather
what was the weather on 7 august 2019,weather
what was the weather on 13 nov 2088,weather
Whats the weather in Kitzingen,weather
how is the weather going to be 13 dec,weather
ask Big Sky when is wildfire on first day of next week,weather
weather this w,weather
tell me the temperature of Marg‘ilon,weather
tell me the climate condition in Horsens,weather
will it Stormy 14 jan 2040,weather
what was the weather on 20 july 2046,weather
what would the climate in Ruislip on eighteen august 2088,weather
is it Foggy outside,weather
low temp after 15 37 am,weather
what will be the weather in before 4 21 am ,weather
what would the climate in Oswego on four nov 2030,weather
tell me the temperature of Torrelodones,weather
tell me the temperature of Sadek,weather
is it typhoons outside,weather
do you have Cloudy outside,weather
how is the weather going to be 11 may 2087,weather
Whats the weather in Kempen,weather
what would the climate in Chiavari on four feb,weather
what would be the weather at before 16 4 am,weather
Whats the weather in Musan ŭp,weather
will it avalanche 22 march 2012,weather
is it Mist outside,weather
do you have Thunderstorm outside,weather
do you have drought outside,weather
low temp around 10 40 pm,weather
tell me the climate condition in Sovetskaya Gavan’,weather
Whats the weather in Hadley Wood,weather
is it Thunderstorm outside,weather
how is the weather going to be 22 may 2092,weather
do you have wildfire outside,weather
what will be the weather in before 12 6 pm ,weather
what would the climate in Pinamungahan on sixteen april 2038,weather
what is the weather forcast for the rest of the w,weather
give me a weather fact,weather
will it typhoons thirteen february,weather
tell me the climate condition in Bafilo,weather
do you have Sleet outside,weather
will it drought nineteen october 2044,weather
will it Cloudy 14 feb,weather
tell me the climate condition in Secunda,weather
how is the weather going to be nineteen september 2015,weather
ask Big Sky when is drought on this sunday,weather
what would be the weather at before 8 14 am,weather
low temp around 8 18 am,weather
ask Big Sky when is wildfire on this monday,weather
is it Sleet outside,weather
what was the weather on 10 april 2069,weather
what would be the weather at before 8 12 pm,weather
Whats the weather in Jhālu,weather
Whats the weather in Rocky River,weather
will it Sunny 15 september,weather
do you have Sunny outside,weather
will it Sandstorms twenty five october 2048,weather
what is the temperature like,weather
what was the weather on fifteen july 2067,weather
how is the weather going to be 4 july,weather
tell me the temperature of Cenon,weather
is it Hot outside,weather
what would be the weather at around 17 36 am,weather
what was the weather on twenty one january,weather
what will be the weather in after 15 33 pm ,weather
what was the weather on two november,weather
what would the climate in Yucaipa on 29 may 2092,weather
low temp before 22 54 am,weather
tell me the temperature of Tacoma,weather
how is the weather going to be 23 september,weather
is it wildfire outside,weather
will it Sunny eighteen may 2049,weather
is it Rainy outside,weather
tell me the climate condition in El Tocuyo,weather
tell me the temperature of Roseville,weather
whats it like outside,weather
tell me the climate condition in Conde,weather
is it Hurricanes outside,weather
tell me the climate condition in Liski,weather
Whats the weather in Laguna de Duero,weather
tell me weather update,weather
is it Dry outside,weather
tell me the temperature of San Cristobal,weather
what would be the weather at after 24 49 am,weather
low temp after 18 55 am,weather
how is the weather going to be twenty seven feb,weather
is it a beautiful day for a walk,weather
how is the weather going to be 27 february,weather
is it Thundersnow outside,weather
what is the weather forcast for the rest of the B,weather
what would the climate in Ad Dasmah on nine april,weather
weather this B,weather
ask Big Sky when is Tornados on this tuesday,weather
is it Humid outside,weather
what would be the weather at before 2 24 am,weather
hows the weather,weather
do you have Hurricanes outside,weather
what will be the weather in before 6 21 am ,weather
what will be the weather in around 3 28 pm ,weather
what will be the weather in before 5 18 pm ,weather
how is it outside,weather
low temp around 7 3 am,weather
how is the weather going to be 16 feb,weather
do you have blizzard outside,weather
tell me the climate condition in Talisay,weather
Whats the weather in Saryaghash,weather
what would the climate in Hancheng on 18 aug,weather
ask Big Sky when is Tornados on first day of next month,weather
is it Tornados outside,weather
tell me the temperature of Kalyani,weather
ask Big Sky when is typhoons on previous weekend,weather
tell me the climate condition in Tozkhurmato,weather
what is the weather forcast for the rest of the m,weather
what would the climate in Kupino on 14 july 2061,weather
low temp before 15 44 pm,weather
will it Hurricanes fifteen january,weather
Whats the weather in Uga,weather
what would be the weather at before 15 55 pm,weather
low temp around 22 24 am,weather
tell me the temperature of Bargi,weather
do you have Stormy outside,weather
how is the atmosphere out there,weather
how is the weather going to be three apr 2078,weather
low temp before 8 59 pm,weather
what was the weather on seven march 2065,weather
whats the weather like,weather
weather this m,weather
ask Big Sky when is Tornados on this sunday,weather
is it Snow outside,weather
what would the climate in Sredneuralsk on 24 nov,weather
what will be the weather in before 10 20 pm ,weather
ask Big Sky when is Foggy on this tuesday,weather
what will be the weather in after 16 24 pm ,weather
is it Stormy outside,weather
is it Cloudy outside,weather
do you have Windy outside,weather
tell me the temperature of Backnang,weather
what was the weather on 24 aug 2081,weather
tell me the climate condition in Üsküdar,weather
what would be the weather at before 17 28 am,weather
is it Hail outside,weather
ask Big Sky when is Humid on this weekend,weather
what would the climate in Rottenburg on 27 may,weather
what will be the weather in around 6 23 pm ,weather
Whats the weather in Villanueva de la Serena,weather
Whats the weather in Tasikmalaya,weather
Whats the weather in Uchqŭrghon Shahri,weather
Whats the weather in Snellville,weather
Whats the weather in Jhā Jhā,weather
Whats the weather in Wāris Alīganj,weather
Whats the weather in Fornacelle,weather
Whats the weather in Skarżysko Kamienna,weather
Whats the weather in Delfzijl,weather
Whats the weather in Maramba,weather
tell me the climate condition in Papar,weather
tell me the climate condition in Phuthaditjhaba,weather
tell me the climate condition in Johannisthal,weather
tell me the climate condition in Geita,weather
tell me the climate condition in Beşikdüzü,weather
tell me the climate condition in Sciacca,weather
tell me the climate condition in Ilkal,weather
tell me the climate condition in Tanjungpinang,weather
tell me the climate condition in Wollongong,weather
tell me the climate condition in El Ejido,weather
what would the climate in Bad Salzuflen on twenty two September,weather
what would the climate in Jonesboro on 27 August 2057,weather
what would the climate in Alameda on twelwe December,weather
what would the climate in Lichtenvoorde on seventeen August 2011,weather
what would the climate in Cuenca on 29 December,weather
what would the climate in Somma Vesuviana on 23 March 2069,weather
what would the climate in Villaviciosa de Odón on 20 September,weather
what would the climate in Saint Joseph on twenty September,weather
what would the climate in Bangkalan on 3 November 2037,weather
what would the climate in Kang neung on 9 November 2012,weather
is it foggy outside,weather
is it wet outside,weather
is it avalanche outside,weather
is it Mist outside,weather
is it wildfire outside,weather
is it cold outside,weather
is it sandstorms outside,weather
is it hot outside,weather
is it thunderstorm outside,weather
is it humid outside,weather
hows the weather,weather
whats it like outside,weather
is it a beautiful day for a walk,weather
what is the weather forcast for the rest of the m,weather
what is the weather forcast for the rest of the B,weather
what is the weather forcast for the rest of the w,weather
is it thundersnow outside,weather
is it sleet outside,weather
is it hail outside,weather
is it tornados outside,weather
is it snow outside,weather
is it dry outside,weather
is it hurricanes outside,weather
is it stormy outside,weather
is it snowstorms outside,weather
is it blizzard outside,weather
what is the temperature like,weather
tell me the temperature of Fastiv,weather
tell me the temperature of Accra,weather
tell me the temperature of Fountain Hills,weather
tell me the temperature of Salmon Creek,weather
tell me the temperature of Gubbi,weather
tell me the temperature of Tudela,weather
tell me the temperature of South Shields,weather
tell me the temperature of Sidi Amrane,weather
tell me the temperature of Iturama,weather
tell me the temperature of Knurów,weather
how is it outside,weather
do you have sunny outside,weather
do you have humid outside,weather
do you have stormy outside,weather
do you have dry outside,weather
do you have thundersnow outside,weather
do you have wet outside,weather
do you have hot outside,weather
do you have avalanche outside,weather
do you have rainy outside,weather
do you have tornados outside,weather
whats the weather like,weather
how is the weather going to be 8 March 2068,weather
how is the weather going to be 27 October 2060,weather
how is the weather going to be eight June,weather
how is the weather going to be 20 September 2091,weather
how is the weather going to be 31 February,weather
how is the weather going to be 20 April,weather
how is the weather going to be fifteen February 2056,weather
how is the weather going to be twelwe July,weather
how is the weather going to be 19 December,weather
how is the weather going to be 11 January,weather
tell me weather update,weather
low temp morning 10 46 ,weather
low temp dawn 9 39 ,weather
low temp dawn 1 17 ,weather
low temp night 7 9 ,weather
low temp dawn 11 58 ,weather
low temp dawn 7 45 ,weather
low temp afternoon 5 34 ,weather
low temp dawn 1 53 ,weather
low temp dawn 5 8 ,weather
low temp evening 17 43 ,weather
will it sunny 16 June 2084,weather
will it thunderstorms eighteen June,weather
will it thunderstorm 21 March,weather
will it Mist twenty nine December,weather
will it wet 6 July 2019,weather
will it snow 27 December 2066,weather
will it thundersnow 1 March 2078,weather
will it Mist 11 March 2056,weather
will it sandstorms 6 January,weather
will it sleet 11 October 2039,weather
weather this B,weather
weather this w,weather
weather this m,weather
how is the atmosphere out there,weather
what was the weather on fourteen June,weather
what was the weather on 6 June 2021,weather
what was the weather on twenty seven January 2013,weather
what was the weather on 12 December 2011,weather
what was the weather on 29 August,weather
what was the weather on 7 April 2055,weather
what was the weather on thirty one February 2027,weather
what was the weather on 9 April 2010,weather
what was the weather on thirty one July,weather
what was the weather on 23 November 2028,weather
give me a weather fact,weather
ask Big Sky when is stormy on wednesday,weather
ask Big Sky when is thunderstorms on friday,weather
ask Big Sky when is tornados on sunday,weather
ask Big Sky when is windy on saturday,weather
ask Big Sky when is sunny on wednesday,weather
ask Big Sky when is dry on thursday,weather
ask Big Sky when is rainy on wednesday,weather
ask Big Sky when is hail on thursday,weather
ask Big Sky when is rainy on friday,weather
ask Big Sky when is humid on saturday,weather
what will be the weather in dawn 2 2  ,weather
what will be the weather in evening 13 18  ,weather
what will be the weather in dawn 6 10  ,weather
what will be the weather in morning 4 12  ,weather
what will be the weather in afternoon 14 15  ,weather
what will be the weather in dawn 7 19  ,weather
what will be the weather in dusk 16 24  ,weather
what will be the weather in night 8 12  ,weather
what will be the weather in morning 3 44  ,weather
what will be the weather in night 9 59  ,weather
what would be the weather at morning 00 3 ,weather
what would be the weather at night 23 32 ,weather
what would be the weather at night 10 1 ,weather
what would be the weather at morning 5 24 ,weather
what would be the weather at morning 6 55 ,weather
what would be the weather at night 11 42 ,weather
what would be the weather at dawn 11 7 ,weather
what would be the weather at dawn 7 18 ,weather
what would be the weather at morning 00 35 ,weather
what would be the weather at dawn 5 27 ,weather
Whats the weather on monday,weather
tell me the climate condition in Reh,weather
tell me the climate condition in Dosmuchey festival,weather
tell me the climate condition in Ladainha,weather
tell me the climate condition in Shekhawati festival,weather
tell me the climate condition in Bathukamma,weather
tell me the climate condition in Kalidas festival,weather
tell me the climate condition in Gemis Festival,weather
tell me the climate condition in Bihu,weather
tell me the climate condition in Thaipoosam,weather
tell me the climate condition in Gudi Padwa,weather
what would the climate from evening 1 14  to morning 7 12 ,weather
what would the climate from night 9 19  to morning 18 57 ,weather
what would the climate from morning 7 35  to night 11 19 ,weather
what would the climate from dawn 7 11  to night 12 53 ,weather
what would the climate from dawn 7 32  to night 7 52 ,weather
what would the climate from night 21 13  to morning 11 57 ,weather
what would the climate from dawn 6 15  to morning 11 26 ,weather
what would the climate from morning 3 19  to dawn 3 19 ,weather
what would the climate from afternoon 4 8  to morning 4 21 ,weather
what would the climate from morning 9 57  to night 8 46 ,weather
is it thundersnow in Defiance,weather
is it avalanche in Jessore,weather
is it sleet in Poconé,weather
is it snow in Athens,weather
is it hurricanes in Haicheng,weather
is it thunderstorm in Miranda de Ebro,weather
is it foggy in Tha Bo,weather
is it snow in Morār,weather
is it tornados in Temuco,weather
is it hot in La Troncal,weather
is it sunny outside,weather
is it typhoons outside,weather
is it cloudy outside,weather
is it windy outside,weather
tell me the temperature of Nsanje,weather
tell me the temperature of Vertou,weather
tell me the temperature of Rio Rico,weather
tell me the temperature of Wrexham,weather
tell me the temperature of Saint Leu,weather
tell me the temperature of Hilvan,weather
tell me the temperature of Jenzan,weather
tell me the temperature of Jharia,weather
tell me the temperature of Rho,weather
tell me the temperature of Puerto Rico,weather
do you have blizzard outside,weather
do you have snow outside,weather
do you have thunderstorm outside,weather
do you have cold outside,weather
do you have typhoons outside,weather
do you have Mist outside,weather
do you have hail outside,weather
do you have thunderstorms outside,weather
do you have hurricanes outside,weather
do you have snowstorms outside,weather
how is the weather going to be thirteen July,weather
how is the weather going to be 29 April,weather
how is the weather going to be 23 November,weather
how is the weather going to be twenty six March,weather
how is the weather going to be 19 May,weather
how is the weather going to be 15 November 2055,weather
how is the weather going to be 23 February 2046,weather
how is the weather going to be twelwe September,weather
how is the weather going to be 10 February,weather
how is the weather going to be 22 July 2059,weather
low temp dawn 7 10 ,weather
low temp dawn 9 43 ,weather
low temp night 22 4 ,weather
low temp evening 4 3 ,weather
low temp morning 6 47 ,weather
low temp morning 11 53 ,weather
low temp morning 10 45 ,weather
low temp dusk 17 37 ,weather
low temp dawn 1 18 ,weather
low temp night 24 35 ,weather
will it wet 16 January 2054,weather
will it tornados 12 July 2026,weather
will it snow 14 February 2080,weather
will it thunderstorms 26 March,weather
will it foggy twenty three June 2087,weather
will it sunny three February,weather
will it cloudy 24 August 2080,weather
will it avalanche thirty December 2050,weather
will it Mist twenty eight July,weather
will it snow four October 2066,weather
what was the weather on six May,weather
what was the weather on nine March,weather
what was the weather on 26 November 2041,weather
what was the weather on 11 June,weather
what was the weather on seven April 2067,weather
what was the weather on 25 November 2038,weather
what was the weather on twenty eight February,weather
what was the weather on 9 July 2093,weather
what was the weather on four March,weather
what was the weather on 24 February,weather
ask Big Sky when is tornados on thursday,weather
ask Big Sky when is drought on saturday,weather
ask Big Sky when is humid on thursday,weather
ask Big Sky when is snow on sunday,weather
ask Big Sky when is cold on sunday,weather
ask Big Sky when is snowstorms on friday,weather
ask Big Sky when is tornados on monday,weather
ask Big Sky when is avalanche on sunday,weather
ask Big Sky when is sunny on sunday,weather
ask Big Sky when is humid on tuesday,weather
what will be the weather in night 11 21  ,weather
what will be the weather in dawn 2 54  ,weather
what will be the weather in dawn 4 21  ,weather
what will be the weather in dawn 3 5  ,weather
what will be the weather in morning 8 48  ,weather
what will be the weather in night 9 44  ,weather
what will be the weather in dawn 3 10  ,weather
what will be the weather in evening 17 23  ,weather
what will be the weather in night 23 36  ,weather
what will be the weather in night 11 23  ,weather
what would be the weather at dawn 8 39 ,weather
what would be the weather at evening 5 19 ,weather
what would be the weather at evening 17 2 ,weather
what would be the weather at night 10 7 ,weather
what would be the weather at dawn 12 34 ,weather
what would be the weather at morning 6 48 ,weather
what would be the weather at dawn 11 51 ,weather
what would be the weather at evening 17 4 ,weather
what would be the weather at dusk 17 31 ,weather
what would be the weather at dawn 6 28 ,weather
what was the weather on 19 may 2039,weather
Whats the weather in Makrāna,weather
what would be the weather at around 5 11 pm,weather
low temp around 24 27 am,weather
is it Sandstorms outside,weather
ask Big Sky when is Foggy on yesterday,weather
what would be the weather at around 23 12 am,weather
what will be the weather in after 4 29 pm ,weather
will it avalanche 20 nov 2074,weather
what was the weather on 7 august 2019,weather
what was the weather on 13 nov 2088,weather
Whats the weather in Kitzingen,weather
how is the weather going to be 13 dec,weather
ask Big Sky when is wildfire on first day of next week,weather
weather this w,weather
tell me the temperature of Marg‘ilon,weather
tell me the climate condition in Horsens,weather
will it Stormy 14 jan 2040,weather
what was the weather on 20 july 2046,weather
what would the climate in Ruislip on eighteen august 2088,weather
is it Foggy outside,weather
low temp after 15 37 am,weather
what will be the weather in before 4 21 am ,weather
what would the climate in Oswego on four nov 2030,weather
tell me the temperature of Torrelodones,weather
tell me the temperature of Sadek,weather
is it typhoons outside,weather
do you have Cloudy outside,weather
how is the weather going to be 11 may 2087,weather
Whats the weather in Kempen,weather
what would the climate in Chiavari on four feb,weather
what would be the weather at before 16 4 am,weather
Whats the weather in Musan ŭp,weather
will it avalanche 22 march 2012,weather
is it Mist outside,weather
do you have Thunderstorm outside,weather
do you have drought outside,weather
low temp around 10 40 pm,weather
tell me the climate condition in Sovetskaya Gavan,weather
Whats the weather in Hadley Wood,weather
is it Thunderstorm outside,weather
how is the weather going to be 22 may 2092,weather
do you have wildfire outside,weather
what will be the weather in before 12 6 pm ,weather
what would the climate in Pinamungahan on sixteen april 2038,weather
what is the weather forcast for the rest of the w,weather
give me a weather fact,weather
will it typhoons thirteen february,weather
tell me the climate condition in Bafilo,weather
do you have Sleet outside,weather
will it drought nineteen october 2044,weather
will it Cloudy 14 feb,weather
tell me the climate condition in Secunda,weather
how is the weather going to be nineteen september 2015,weather
ask Big Sky when is drought on this sunday,weather
what would be the weather at before 8 14 am,weather
low temp around 8 18 am,weather
ask Big Sky when is wildfire on this monday,weather
is it Sleet outside,weather
what was the weather on 10 april 2069,weather
what would be the weather at before 8 12 pm,weather
Whats the weather in Jhālu,weather
Whats the weather in Rocky River,weather
will it Sunny 15 september,weather
do you have Sunny outside,weather
will it Sandstorms twenty five october 2048,weather
what is the temperature like,weather
what was the weather on fifteen july 2067,weather
how is the weather going to be 4 july,weather
tell me the temperature of Cenon,weather
is it Hot outside,weather
what would be the weather at around 17 36 am,weather
what was the weather on twenty one january,weather
what will be the weather in after 15 33 pm ,weather
what was the weather on two november,weather
what would the climate in Yucaipa on 29 may 2092,weather
low temp before 22 54 am,weather
tell me the temperature of Tacoma,weather
how is the weather going to be 23 september,weather
is it wildfire outside,weather
will it Sunny eighteen may 2049,weather
is it Rainy outside,weather
tell me the climate condition in El Tocuyo,weather
tell me the temperature of Roseville,weather
whats it like outside,weather
tell me the climate condition in Conde,weather
is it Hurricanes outside,weather
tell me the climate condition in Liski,weather
Whats the weather in Laguna de Duero,weather
tell me weather update,weather
is it Dry outside,weather
tell me the temperature of San Cristobal,weather
what would be the weather at after 24 49 am,weather
low temp after 18 55 am,weather
how is the weather going to be twenty seven feb,weather
is it a beautiful day for a walk,weather
how is the weather going to be 27 february,weather
is it Thundersnow outside,weather
what is the weather forcast for the rest of the B,weather
what would the climate in Ad Dasmah on nine april,weather
weather this B,weather
ask Big Sky when is Tornados on this tuesday,weather
is it Humid outside,weather
what would be the weather at before 2 24 am,weather
hows the weather,weather
do you have Hurricanes outside,weather
what will be the weather in before 6 21 am ,weather
what will be the weather in around 3 28 pm ,weather
what will be the weather in before 5 18 pm ,weather
how is it outside,weather
low temp around 7 3 am,weather
how is the weather going to be 16 feb,weather
do you have blizzard outside,weather
tell me the climate condition in Talisay,weather
Whats the weather in Saryaghash,weather
what would the climate in Hancheng on 18 aug,weather
ask Big Sky when is Tornados on first day of next month,weather
is it Tornados outside,weather
tell me the temperature of Kalyani,weather
ask Big Sky when is typhoons on previous weekend,weather
tell me the climate condition in Tozkhurmato,weather
what is the weather forcast for the rest of the m,weather
what would the climate in Kupino on 14 july 2061,weather
low temp before 15 44 pm,weather
will it Hurricanes fifteen january,weather
Whats the weather in Uga,weather
what would be the weather at before 15 55 pm,weather
low temp around 22 24 am,weather
tell me the temperature of Bargi,weather
do you have Stormy outside,weather
how is the atmosphere out there,weather
how is the weather going to be three apr 2078,weather
low temp before 8 59 pm,weather
what was the weather on seven march 2065,weather
whats the weather like,weather
weather this m,weather
ask Big Sky when is Tornados on this sunday,weather
is it Snow outside,weather
what would the climate in Sredneuralsk on 24 nov,weather
what will be the weather in before 10 20 pm ,weather
ask Big Sky when is Foggy on this tuesday,weather
what will be the weather in after 16 24 pm ,weather
is it Stormy outside,weather
is it Cloudy outside,weather
do you have Windy outside,weather
tell me the temperature of Backnang,weather
what was the weather on 24 aug 2081,weather
tell me the climate condition in Üsküdar,weather
what would be the weather at before 17 28 am,weather
is it Hail outside,weather
ask Big Sky when is Humid on this weekend,weather
what would the climate in Rottenburg on 27 may,weather
what will be the weather in around 6 23 pm ,weather
