class,query
cab,Uber ride to hotel
cab,OLA ride to hotel
cab,Uber to hotel
cab,OLA to hotel
cab,OLA for my hotel
cab,Uber for my hotel
cab,Uber cab to hotel
cab,OLA cab to hotel
cab,book an Uber on 2nd Nov from airport to hotel
cab,book an OLA on 2nd Nov from airport to hotel
cab,book a OLA taxi on 26th January from airport to hotel that I book
cab,book a Uber taxi on 26th January from airport to hotel that I book
cab,I need a OLA cab on 4th July to the hotel that I book from the airport
cab,I need a Uber cab on 4th July to the hotel that I book from the airport
cab,Look a cab on 4th July in Indore from airport to Timimoun
cab,Look a cab on 4th July in Indore from airport to Pahrump
cab,Look a cab on 4th July in Indore from airport to Shināş
cab,Look a cab on 4th July in Indore from airport to Satita
cab,Look a cab on 4th July in Indore from airport to Delmiro Gouveia
cab,Look a cab on 4th July in Indore from airport to Maddūr
cab,Look a cab on 4th July in Indore from airport to Pamplona
cab,Look a cab on 4th July in Indore from airport to Canning
cab,Look a cab on 4th July in Indore from airport to Nueva Guinea
cab,Look a cab on 4th July in Indore from airport to Sumenep
cab,Need cab in Delhi from airport to Hondarribia on 29th September 2020
cab,Need cab in Delhi from airport to Busto Arsizio on 29th September 2020
cab,Need cab in Delhi from airport to San Salvador on 29th September 2020
cab,Need cab in Delhi from airport to Udalguri on 29th September 2020
cab,Need cab in Delhi from airport to San Mateo on 29th September 2020
cab,Need cab in Delhi from airport to Vaduz on 29th September 2020
cab,Need cab in Delhi from airport to Emirdağ on 29th September 2020
cab,Need cab in Delhi from airport to Carabanchel on 29th September 2020
cab,Need cab in Delhi from airport to Villupuram on 29th September 2020
cab,Need cab in Delhi from airport to Farmington on 29th September 2020
cab,OLA for IGI airport
cab,Uber for IGI airport
cab,book Uber taxi on 20th August from airport to lodge that I booked
cab,book OLA taxi on 20th August from airport to lodge that I booked
cab,want a Uber taxi from hotel to Midelt
cab,want a Uber taxi from hotel to Mingora
cab,want a OLA taxi from hotel to Mirandola
cab,want a Uber taxi from hotel to Goiana
cab,want a Uber taxi from hotel to Medina del Campo
cab,want a Uber taxi from hotel to Göksun
cab,want a Uber taxi from hotel to Fārsān
cab,want a Uber taxi from hotel to Itoman
cab,want a Uber taxi from hotel to Charenton le Pont
cab,want a Uber taxi from hotel to Namp’o
cab,want OLA taxi from hotel to Mumbai airport
cab,want Uber taxi from hotel to Mumbai airport
cab,I want a taxi from hotel to Mumbai airport
cab,It is raining outside need a cab
cab,It is raining outside book OLA
cab,It is raining outside book Uber
cab,I want to travel in OLA to Kuang due to snowfall
cab,I want to travel in Uber to Georgetown due to snowfall
cab,I want to travel in Uber to Varadero due to snowfall
cab,I want to travel in Uber to Calumet loc due to snowfall
cab,I want to travel in OLA to Douane due to snowfall
cab,I want to travel in OLA to Ladhewāla Warāich due to snowfall
cab,I want to travel in Uber to Usevia due to snowfall
cab,I want to travel in OLA to Tīkāpur due to snowfall
cab,I want to travel in Uber to Saguenay due to snowfall
cab,I want to travel in OLA to Huelva due to snowfall
cab,weather is not good outside I want to take Uber
cab,weather is not good outside I want to take OLA
cab,book me a cab from Long Eaton to Savage
cab,book me a cab from Ajra to Draa Ben Khedda
cab,book me a cab from Dimbokro to Malyn
cab,book me a cab from Pittsfield to Euless
cab,book me a cab from Laiyang to Granadero Baigorria
cab,book me a cab from Jawhar to Saint Charles
cab,book me a cab from Chuhuyiv to North Amityville
cab,book me a cab from Cavaillon to Nirgua
cab,book me a cab from Seregno to Gerāsh
cab,book me a cab from Antony to João Pessoa
cab,book me a cab to Fairfield
cab,book me a cab to Fos sur Mer
cab,book me a cab to Aracataca
cab,book me a cab to Kotli Lohārān
cab,book me a cab to Sofo Birnin Gwari
cab,book me a cab to Xanxerê
cab,book me a cab to Pombos
cab,book me a cab to Casamassima
cab,book me a cab to Ohangaron
cab,book me a cab to Nahariya
cab,book me a OLA to Greenville
cab,book me a Uber to Bābol
cab,book me a OLA to Bastos
cab,book me a OLA to Bengbu
cab,book me a Uber to Nanping
cab,book me a Uber to Oborniki
cab,book me a Uber to Grand Prairie
cab,book me a Uber to Blanes
cab,book me a OLA to Machado
cab,book me a Uber to Godda
cab,book me an Uber from Tuxtla Gutiérrez to Barbil
cab,book me an Uber from Elói Mendes to Izegem
cab,book me an Uber from Bellaire to Sharypovo
cab,book me an Uber from Moratuwa to New Glasgow
cab,book me an OLA from Pop to Ankleshwar
cab,book me an OLA from Jenison to Land O' Lakes
cab,book me an Uber from Svobody to Veinticinco de Mayo
cab,book me an OLA from Nigrán to San Marcos
cab,book me an Uber from Nola to Wailuku
cab,book me an OLA from Werdau to Town 'n' Country
cab,I want to book an OLA to Hāsilpur
cab,I want to book an Uber to Roanoke Rapids
cab,I want to book an OLA to Moyobamba
cab,I want to book an OLA to Kalocsa
cab,I want to book an OLA to Kommunar
cab,I want to book an OLA to Halstenbek
cab,I want to book an OLA to El Carmen de Bolívar
cab,I want to book an OLA to Castelli
cab,I want to book an Uber to Leyland
cab,I want to book an Uber to Portel
cab,I want to book a cab from Itapemirim to Djibouti
cab,I want to book a cab from Islāmpur to Jacmel
cab,I want to book a cab from Halluin to Żoliborz
cab,I want to book a cab from Shima to Wolmaransstad
cab,I want to book a cab from Vinaròs to Hınıs
cab,I want to book a cab from Santee to Votuporanga
cab,I want to book a cab from Canovelles to Vsevolozhsk
cab,I want to book a cab from Mastung to Åkersberga
cab,I want to book a cab from Dharmapuri to Mendes
cab,I want to book a cab from Neratovice to Zhirnovsk
cab,I want to book a cab to Banamba
cab,I want to book a cab to Hiratsuka
cab,I want to book a cab to Ferizli
cab,I want to book a cab to Alba
cab,I want to book a cab to Azimpur
cab,I want to book a cab to Zernograd
cab,I want to book a cab to Ōzu
cab,I want to book a cab to Cajuru
cab,I want to book a cab to Mbandaka
cab,I want to book a cab to Daudnagar
cab,Find me a cab to Santeramo in Colle
cab,Find me a cab to Szczecin
cab,Find me a cab to Rājkot
cab,Find me a cab to Montijo
cab,Find me a cab to Jitra
cab,Find me a cab to Beipiao
cab,Find me a cab to Zagora
cab,Find me a cab to Snizhne
cab,Find me a cab to Paso de Carrasco
cab,Find me a cab to Lazdynai
cab,Find me an Uber to Byndoor
cab,Find me an Uber to Putignano
cab,Find me an OLA to Kędzierzyn Koźle
cab,Find me an OLA to Meridian
cab,Find me an OLA to Āstārā
cab,Find me an Uber to Damara
cab,Find me an Uber to Guamúchil
cab,Find me an OLA to Randwick
cab,Find me an OLA to Jamestown
cab,Find me an OLA to Tarnowskie Góry
cab,Find me a cab from Spring Valley to Centre de Flacq
cab,Find me a cab from Bīdar to Gagarin
cab,Find me a cab from Mouscron to Serpukhov
cab,Find me a cab from Melíssia to Mankayan
cab,Find me a cab from Cape Coast to Hazārībāg
cab,Find me a cab from Bussolengo to Burbank
cab,Find me a cab from Keffi to Pāndhurnā
cab,Find me a cab from Fürth to Maşyāf
cab,Find me a cab from Farīdkot to Limbe
cab,Find me a cab from Reghaïa to Mudhol
cab,Get me a cab to Fargo
cab,Get me a cab to Trudovoye
cab,Get me a cab to Greenfield
cab,Get me a cab to Wang Noi
cab,Get me a cab to North Amityville
cab,Get me a cab to Angol
cab,Get me a cab to Pijnacker
cab,Get me a cab to Madīnat ‘Īsá
cab,Get me a cab to Formia
cab,Get me a cab to Santiago de Compostela
cab,Get me an Uber to Lodja
cab,Get me an OLA to Görele
cab,Get me an OLA to Aswan
cab,Get me an OLA to Brakpan
cab,Get me an OLA to Salaspils
cab,Get me an OLA to Boiro
cab,Get me an Uber to Bradley
cab,Get me an Uber to Auxerre
cab,Get me an OLA to Chittaurgarh
cab,Get me an OLA to Peekskill
cab,Get me an Uber from Mieres to Pyt Yakh
cab,Get me an Uber from Empangeni to Vechta
cab,Get me an OLA from Laboulaye to Castelldefels
cab,Get me an OLA from Duffel to Osasco
cab,Get me an OLA from Sattur to Bargarh
cab,Get me an OLA from Chemnitz to Poznań
cab,Get me an OLA from Stavropol’ to Edina
cab,Get me an OLA from Dali to Kendall West
cab,Get me an OLA from Binhe to Boronia
cab,Get me an OLA from Amaigbo to El Dorado Hills
cab,book me a ride from Khanabad to Reghaïa
cab,book me a ride from Barstow Heights to Loves Park
cab,book me a ride from Yasuj to Piedade
cab,book me a ride from Valday to Melito di Napoli
cab,book me a ride from Lakhnādon to Panji
cab,book me a ride from Hiji to Bhāvnagar
cab,book me a ride from Consolación del Sur to Tromsø
cab,book me a ride from Kondoa to Makurazaki
cab,book me a ride from Jahāngīrābād to Wayne
cab,book me a ride from Thành Phố Ninh Bình to Libertador General San Martín
cab,book me a ride to Erciş
cab,book me a ride to Rawa Mazowiecka
cab,book me a ride to Portsmouth
cab,book me a ride to Sinjai
cab,book me a ride to Jiaozhou
cab,book me a ride to Mariāhu
cab,book me a ride to Multai
cab,book me a ride to Chełm
cab,book me a ride to Aosta
cab,book me a ride to Maryland Heights
cab,I want to book a ride from Sidi Okba to Bel Air North
cab,I want to book a ride from Santa Lucía to Pavlohrad
cab,I want to book a ride from Noblesville to Shizuoka
cab,I want to book a ride from Chengzihe to Kwale
cab,I want to book a ride from Baki to Wuyang
cab,I want to book a ride from Ris Orangis to Wakayama
cab,I want to book a ride from Viterbo to Holstebro
cab,I want to book a ride from Việt Trì to Pakenham South
cab,I want to book a ride from Moskháton to Bragança
cab,I want to book a ride from Jishu to San Pedro
cab,I want to book a ride to Banūr
cab,I want to book a ride to Kuala Lipis
cab,I want to book a ride to Wuxi
cab,I want to book a ride to Kaset Sombun
cab,I want to book a ride to Camas
cab,I want to book a ride to Porto Seguro
cab,I want to book a ride to Bologoye
cab,I want to book a ride to Forest Park
cab,I want to book a ride to Saijō
cab,I want to book a ride to Ávila
cab,Find me a ride to Wesselsbron
cab,Find me a ride to West Albany
cab,Find me a ride to Basseterre
cab,Find me a ride to Floriano
cab,Find me a ride to Gōtsuchō
cab,Find me a ride to Colonia del Valle
cab,Find me a ride to Seesen
cab,Find me a ride to Yilan
cab,Find me a ride to Kuz’minki
cab,Find me a ride to West Bend
cab,Find me a OLA to Phoenix
cab,Find me a OLA to Mendefera
cab,Find me a OLA to Kibuye
cab,Find me a Uber to Manihāri
cab,Find me a OLA to Pouso Alegre
cab,Find me a Uber to Teknāf
cab,Find me a OLA to San Martín de los Andes
cab,Find me a Uber to Manhattan Beach
cab,Find me a OLA to Usevia
cab,Find me a OLA to Markham
cab,Get me a ride to Tandaltī
cab,Get me a ride to Midland
cab,Get me a ride to Charsadda
cab,Get me a ride to Andrychów
cab,Get me a ride to Zürich (Kreis 8)
cab,Get me a ride to Requena
cab,Get me a ride to Warburton
cab,Get me a ride to Clayton
cab,Get me a ride to Chiconcuac
cab,Get me a ride to Jalpa de Méndez
cab,book a cab from South Grafton to Puerto del Carmen
cab,book a cab from Manado to New Milford
cab,book a cab from Pithampur to Kelīshād va Sūdarjān
cab,book a cab from Zuru to Izúcar de Matamoros
cab,book a cab from Kartārpur to Pucallpa
cab,book a cab from Bhātpāra Abhaynagar to Halifax
cab,book a cab from Bandar e Lengeh to Muramatsu
cab,book a cab from Northcote to Collipulli
cab,book a cab from Camiling to Kalush
cab,book a cab from Bideford to San Antonio Oeste
cab,book a cab to Dibai
cab,book a cab to Valuyki
cab,book a cab to Boardman
cab,book a cab to Garden loc
cab,book a cab to Al Farwānīyah
cab,book a cab to Trat
cab,book a cab to Priyutovo
cab,book a cab to Al Mijlad
cab,book a cab to East London
cab,book a cab to Ariel
cab,book an Uber from Mary to Spandau
cab,book an Uber from Spittal an der Drau to Tangjin
cab,book an OLA from Rugby to Campbell River
cab,book an Uber from Oranienburg to Vienne
cab,book an Uber from Port Blair to Bronte
cab,book an OLA from San Jose to Funehikimachi funehiki
cab,book an OLA from Lagos de Moreno to Piteşti
cab,book an OLA from Bardejov to Espiye
cab,book an Uber from Grande Prairie to Bad Homburg vor der Höhe
cab,book an OLA from Mulgund to Elazığ
cab,book a ride from Bet Shemesh to Winterswijk
cab,book a ride from Nerviano to Maralal
cab,book a ride from Wiehl to Ferrol
cab,book a ride from Bāzpur to Realejo Alto
cab,book a ride from West Lake Stevens to Ōzu
cab,book a ride from Cetinje to Padang Mat Sirat
cab,book a ride from Polasara to Perote
cab,book a ride from ‘Alī al Gharbī to Werdohl
cab,book a ride from Eqbālīyeh to Ivatsevichy
cab,book a ride from Pubal to Maputo
cab,book a ride to Arbutus
cab,book a ride to Navapolatsk
cab,book a ride to Antofagasta
cab,book a ride to Gemerek
cab,book a ride to Trento
cab,book a ride to Yafo
cab,book a ride to San Ramon
cab,book a ride to Cam Ranh
cab,book a ride to Dandeli
cab,book a ride to La Courneuve
cab,book a OLA to Chiguayante
cab,book a OLA to Loos
cab,book a Uber to Qaraçuxur
cab,book a OLA to Kafr Lāhā
cab,book a Uber to Canindé
cab,book a OLA to Ash Shaykh Miskīn
cab,book a Uber to Carepa
cab,book a Uber to Caldas
cab,book a Uber to Birkhadem
cab,book a Uber to Lochearn
cab,book an OLA from Eysines to Vibo Valentia
cab,book an OLA from Colón to Lecheng
cab,book an Uber from Bugiri to Rādhan
cab,book an OLA from Catia La Mar to Torcy
cab,book an OLA from Sarāi Mīr to Kemerovo
cab,book an Uber from Velikiy Ustyug to Woodstock
cab,book an OLA from Honda to Boston
cab,book an Uber from Kon Tum to Ramanayyapeta
cab,book an OLA from Bembèrèkè to La Estrella
cab,book an Uber from Seondha to Chamrajnagar
cab,Find a cab to Khekra
cab,Find a cab to Oliver Valdefierro
cab,Find a cab to Jalpa de Méndez
cab,Find a cab to Phayao
cab,Find a cab to Ghotki
cab,Find a cab to Laurinburg
cab,Find a cab to Los Mochis
cab,Find a cab to Žďár nad Sázavou Druhy
cab,Find a cab to Lohr am Main
cab,Find a cab to Mykolayiv
cab,Find an Uber to Teresina
cab,Find an Uber to Huelva
cab,Find an Uber to Sestao
cab,Find an OLA to Rāmganj Mandi
cab,Find an OLA to Battersea
cab,Find an OLA to Settat
cab,Find an Uber to Kijang
cab,Find an OLA to Montebelluna
cab,Find an OLA to Gornyak
cab,Find an Uber to Rạch Giá
cab,Find a cab from Lake Havasu loc to Villena
cab,Find a cab from Mentor to Bonn
cab,Find a cab from Kozakai chō to Falāvarjān
cab,Find a cab from Barrow in Furness to Novyy Oskol
cab,Find a cab from Tebesbest to Kāndi
cab,Find a cab from Labytnangi to Karlovac
cab,Find a cab from Gamla Uppsala to La Lima
cab,Find a cab from Saint Genis Laval to Bühl
cab,Find a cab from Cueto to Carvin
cab,Find a cab from Río Cuarto to Upata
cab,Get a cab to Hamīrpur
cab,Get a cab to Santiago Tulantepec
cab,Get a cab to Jamaame
cab,Get a cab to Jeonju
cab,Get a cab to Tŭytepa
cab,Get a cab to Marilao
cab,Get a cab to Sault Ste. Marie
cab,Get a cab to Greven
cab,Get a cab to Ballerup
cab,Get a cab to Kashihara
cab,Get an Uber to Mangilao Village
cab,Get an Uber to Musashino
cab,Get an Uber to Paracuru
cab,Get an OLA to Sendai
cab,Get an OLA to Kamimaruko
cab,Get an OLA to Stillwater
cab,Get an Uber to Ouricuri
cab,Get an OLA to Liaoyang
cab,Get an OLA to Yorosso
cab,Get an Uber to Ovalle
cab,Get an Uber from Bridgwater to Pitanga
cab,Get an Uber from Guaynabo to Santomera
cab,Get an OLA from Myingyan to Casa Blanca
cab,Get an Uber from Bet Shemesh to Abobo
cab,Get an OLA from Temple loc to Ariana
cab,Get an Uber from Yazd to Mandan
cab,Get an Uber from San Rafael Oriente to Balfour
cab,Get an OLA from Muggiò to Hazārībāg
cab,Get an OLA from Singojuruh to Sorgun
cab,Get an OLA from Linqu to South Tangerang
cab,book a ride from Navojoa to Ponte de Lima
cab,book a ride from San Francisco to San Pedro
cab,book a ride from Bolgatanga to Hell Ville
cab,book a ride from Kolín to Saoner
cab,book a ride from Santiago de Cuba to Ypsilanti
cab,book a ride from I n Salah to Milano
cab,book a ride from Zhenjiang to Kozhukhovo
cab,book a ride from Tobruk to Nishinoomote
cab,book a ride from Newark to Jitra
cab,book a ride from Batu Gajah to Sholinghur
cab,book a ride to Alamogordo
cab,book a ride to Annemasse
cab,book a ride to Gragnano
cab,book a ride to Rosarito
cab,book a ride to Geertruidenberg
cab,book a ride to Jaspur
cab,book a ride to Puerto Aisén
cab,book a ride to Bené Beraq
cab,book a ride to Mandalgovi
cab,book a ride to Kottayam
cab,Find a ride to Marau
cab,Find a ride to Fredericia
cab,Find a ride to Salgótarján
cab,Find a ride to Liverpool
cab,Find a ride to Balingen
cab,Find a ride to Alsdorf
cab,Find a ride to Capela
cab,Find a ride to Parādīp Garh
cab,Find a ride to Valabhīpur
cab,Find a ride to Moraga
cab,Find a OLA to Nilópolis
cab,Find a Uber to Qarāwul
cab,Find a OLA to Lukhovitsy
cab,Find a OLA to Swābi
cab,Find a Uber to Erdenet
cab,Find a OLA to Uzhur
cab,Find a Uber to Pandi
cab,Find a OLA to Jaspur
cab,Find a Uber to Wesselsbron
cab,Find a OLA to Al Bayḑā’
cab,Get a ride to Belmont
cab,Get a ride to Grenchen
cab,Get a ride to Mikuni
cab,Get a ride to Sukheke Mandi
cab,Get a ride to Kızılcahamam
cab,Get a ride to Purwokerto
cab,Get a ride to Cēsis
cab,Get a ride to Kankauli
cab,Get a ride to West Springfield
cab,Get a ride to Baalbek
cab,book me a Uber cab from Sadalgi to San Donà di Piave
cab,book me a Uber cab from Quilmes to Dumai
cab,book me a OLA cab from Chanika to Sidi Ifni
cab,book me a OLA cab from Twante to Mitha Tiwāna
cab,book me a OLA cab from Manhattan Beach to Pangkalanbuun
cab,book me a OLA cab from Ina to Đinh Văn
cab,book me a Uber cab from Al Mithnab to Takaishi
cab,book me a OLA cab from Haibara akanedai to Golpāyegān
cab,book me a OLA cab from Alt Hohenschönhausen to Frechen
cab,book me a OLA cab from Tinton Falls to San Vicente de Moravia
cab,book me an Uber ride from Kigoma to Troy
cab,book me an Uber ride from Kōriyama to Halifax
cab,book me an Uber ride from Kangaba to Edinburg
cab,book me an OLA ride from Girardot loc to Qarāwul
cab,book me an OLA ride from Guidonia Montecelio to Mānsa
cab,book me an Uber ride from Astrakhan to Worcester
cab,book me an Uber ride from Konongo to Svendborg
cab,book me an Uber ride from Laranjeiras to Phaphūnd
cab,book me an Uber ride from Waregem to Adh Dhayd
cab,book me an OLA ride from Shīshgarh to Talas
cab,book a OLA cab from Al Hoceïma to Usilampatti
cab,book a OLA cab from Santo Antônio de Pádua to Jahāniān Shāh
cab,book a OLA cab from Centro Familiar la Soledad to Goris
cab,book a OLA cab from Odintsovo to Kirkland
cab,book a Uber cab from Itupiranga to Marienthal
cab,book a Uber cab from Apam to Bogorodskoye
cab,book a OLA cab from Los Patios to Concórdia
cab,book a Uber cab from Payson to Runcorn
cab,book a Uber cab from Lobnya to Sarstedt
cab,book a Uber cab from Melzo to San Miguel de Papasquiaro
cab,book an Uber ride from Ilongero to Mechernich
cab,book an OLA ride from Berga to Svobodnyy
cab,book an OLA ride from Goražde to Pampierstad
cab,book an OLA ride from Smara to Nacimiento
cab,book an OLA ride from Mississauga to Kyzyl Kyya
cab,book an OLA ride from Esquipulas to Tecoman
cab,book an OLA ride from Trenton to Dunyāpur
cab,book an OLA ride from Cabot to Terrazas del Valle
cab,book an Uber ride from Ercolano to Binmaley
cab,book an Uber ride from Sarigerme to Athi River
cab,book me a Uber cab to Savanūr
cab,book me a OLA cab to Kampene
cab,book me a Uber cab to Bom Jesus da Lapa
cab,book me a Uber cab to Otan Ayegbaju
cab,book me a Uber cab to Leyland
cab,book me a Uber cab to Gummersbach
cab,book me a OLA cab to Jaén
cab,book me a Uber cab to Hiratsuka
cab,book me a Uber cab to Balch Springs
cab,book me a OLA cab to Thohoyandou
cab,book me an OLA ride to Maramag
cab,book me an OLA ride to Balasore
cab,book me an OLA ride to Zărnești
cab,book me an OLA ride to Chaska
cab,book me an Uber ride to Quedlinburg
cab,book me an Uber ride to Andradina
cab,book me an OLA ride to Futtsu
cab,book me an Uber ride to São Joaquim da Barra
cab,book me an Uber ride to Fécamp
cab,book me an OLA ride to Hinsdale
cab,book a Uber cab to Hāveri
cab,book a Uber cab to Kumo
cab,book a Uber cab to Bromsgrove
cab,book a Uber cab to Middleton
cab,book a OLA cab to Le Moule
cab,book a OLA cab to Mwanza
cab,book a OLA cab to Sironj
cab,book a OLA cab to San Pedro de Macorís
cab,book a OLA cab to Kihangara
cab,book a OLA cab to Tangzhai
cab,book an OLA ride to Náousa
cab,book an Uber ride to Los Barrios
cab,book an Uber ride to San Salvador
cab,book an Uber ride to Kostomuksha
cab,book an OLA ride to Groß Umstadt
cab,book an OLA ride to Baena
cab,book an OLA ride to Bagasra
cab,book an Uber ride to Entre Rios
cab,book an OLA ride to Parli Vaijnāth
cab,book an OLA ride to Bāgha Purāna
cab,Find me a OLA cab from Sédhiou to Esplanada
cab,Find me a OLA cab from Miami to Boulder loc
cab,Find me a Uber cab from Mercedes to Ahuachapán
cab,Find me a Uber cab from Welland to Fulda
cab,Find me a Uber cab from Redmond to Saint Étienne du Rouvray
cab,Find me a OLA cab from Ensenada to Zarautz
cab,Find me a OLA cab from Didim to Minas
cab,Find me a OLA cab from Rouiba to Kreuztal
cab,Find me a OLA cab from Koper to Lagoa Santa
cab,Find me a OLA cab from Holalkere to Bergen
cab,Find me an Uber ride  from Bensonville to Yambio
cab,Find me an OLA ride  from Bad Bentheim to Solana
cab,Find me an OLA ride  from Kunwi to Patharia
cab,Find me an Uber ride  from Hodal to La Salud
cab,Find me an OLA ride  from Odenthal to Kasba Tadla
cab,Find me an OLA ride  from Thaton to Wright
cab,Find me an OLA ride  from Rayside Balfour to Ban Na
cab,Find me an Uber ride  from Kandy to Pavlovskiy Posad
cab,Find me an Uber ride  from Usta Muhammad to Visoko
cab,Find me an OLA ride  from Elmont to Castle Rock
cab,Find a OLA cab from Dammarie les Lys to Segundo Ensanche
cab,Find a Uber cab from Montebello to Gossau
cab,Find a Uber cab from Parral to Huimanguillo
cab,Find a OLA cab from Desert Hot Springs to Cologno Monzese
cab,Find a Uber cab from Kaffrine to Wisbech
cab,Find a Uber cab from Velenje to San Cristóbal de las Casas
cab,Find a OLA cab from Tórshavn to Illingen
cab,Find a OLA cab from Glenvar Heights to Farrokh Shahr
cab,Find a Uber cab from Marín to Carpentersville
cab,Find a OLA cab from Qianjiang to Kishtwār
cab,Find an OLA ride from Rhyl to Gangoh
cab,Find an OLA ride from Çaycuma to Rossosh’
cab,Find an Uber ride from Bad Segeberg to Saint Cloud
cab,Find an Uber ride from Bejucal to Kambove
cab,Find an Uber ride from Bensekrane to ‘Ajab Shīr
cab,Find an OLA ride from Narsingdi to Bharatpur
cab,Find an Uber ride from ‘Ajlūn to Quezon
cab,Find an OLA ride from Itānagar to Summerville
cab,Find an OLA ride from Mexicali to Braga
cab,Find an OLA ride from Bihoro to Gur’yevsk
cab,Find me a OLA cab to Yingkou
cab,Find me a Uber cab to Āreka
cab,Find me a Uber cab to Iwase
cab,Find me a Uber cab to Biryulëvo Zapadnoye
cab,Find me a Uber cab to Entroncamento
cab,Find me a Uber cab to Meybod
cab,Find me a Uber cab to Chapecó
cab,Find me a Uber cab to Saint Dié des Vosges
cab,Find me a Uber cab to Amagi
cab,Find me a Uber cab to Amparafaravola
cab,Find me an OLA ride to Govardhan
cab,Find me an Uber ride to Xinghua
cab,Find me an Uber ride to Garça
cab,Find me an Uber ride to Pechora
cab,Find me an OLA ride to Quảng Ngãi
cab,Find me an OLA ride to San Rafael
cab,Find me an OLA ride to Coquitlam
cab,Find me an Uber ride to Sukheke Mandi
cab,Find me an Uber ride to Ankeny
cab,Find me an Uber ride to Afşin
cab,Find an OLA cab to Gioia del Colle
cab,Find an OLA cab to Būr Safājah
cab,Find an Uber cab to South Salt Lake
cab,Find an Uber cab to Skvyra
cab,Find an OLA cab to Chicacole
cab,Find an Uber cab to Tiruchchendur
cab,Find an OLA cab to Balaipungut
cab,Find an OLA cab to Tuy Hòa
cab,Find an Uber cab to Nalhāti
cab,Find an Uber cab to Weil am Rhein
cab,Find an OLA ride to Matiri
cab,Find an OLA ride to Qalansuwa
cab,Find an Uber ride to Pyryatyn
cab,Find an Uber ride to Cajamar
cab,Find an Uber ride to Enger
cab,Find an Uber ride to Yingbazha
cab,Find an Uber ride to Ocean Springs
cab,Find an Uber ride to Reading
cab,Find an OLA ride to Friedrichshagen
cab,Find an Uber ride to Catriel
hotel,book me a hotel in Kolkata
hotel,book me a hotel in Kalol
hotel,book me a hotel in Shivamogga
hotel,book me a hotel in Kollidam
hotel,book me a hotel in Siddarth-Nagar
hotel,book me a hotel in Lower-Subansiri
hotel,book me a hotel in Darrang
hotel,book me a hotel in Chitradurga
hotel,book me a hotel in Panchmahal
hotel,book me a hotel in Karad
hotel,i want to book a hotel in Sitamarhi
hotel,i want to book a hotel in Kozhikode
hotel,i want to book a hotel in Shivamogga
hotel,i want to book a hotel in East-Champaran
hotel,i want to book a hotel in Gurgaon
hotel,i want to book a hotel in Kurukshetra
hotel,i want to book a hotel in Dakshina-Kannada
hotel,i want to book a hotel in Bidar
hotel,i want to book a hotel in Alwar
hotel,i want to book a hotel in Jaggayyapet
hotel,please show me hotels near Gondia
hotel,please show me hotels near Shimoga
hotel,please show me hotels near Hingoli
hotel,please show me hotels near Bellary
hotel,please show me hotels near Agra
hotel,please show me hotels near Jamnagar
hotel,please show me hotels near Ramanathapuram
hotel,please show me hotels near Dharmapuri
hotel,please show me hotels near Dibrugarh
hotel,please show me hotels near Kaushambi
hotel,can you please list hotels in Kodagu
hotel,can you please list hotels in Hailakandi
hotel,can you please list hotels in Purba-Champaran
hotel,can you please list hotels in Pudukkottai
hotel,can you please list hotels in Dibrugarh
hotel,can you please list hotels in Bhagalpur
hotel,can you please list hotels in Cuddalore
hotel,can you please list hotels in Nagapattinam
hotel,can you please list hotels in Buvanagiri
hotel,can you please list hotels in Sambalpur
hotel,show me expensive hotels in Navsari
hotel,show me cheap hotels in Gurgaon
hotel,show me cheap hotels in Kota
hotel,show me expensive hotels in Bilaspur
hotel,show me expensive hotels in Lower-Subansiri
hotel,show me cheap hotels in Nagpur
hotel,show me expensive hotels in Bijnor
hotel,show me cheap hotels in Jabalpur
hotel,show me expensive hotels in Budaun
hotel,show me expensive hotels in Buldana
hotel,book me a hotel on Basant Panchami
hotel,book me a hotel on Maha Shivratri
hotel,book me a hotel on Chikalkalo
hotel,book me a hotel on Onam
hotel,book me a hotel on Yaoshang
hotel,book me a hotel on Hemis
hotel,book me a hotel on Kumbh Mela
hotel,book me a hotel on ChapcharKut Festiva
hotel,book me a hotel on sunburn festival
hotel,book me a hotel on Monpa festval
hotel,book me a hotel on Murung in Hardoi
hotel,book me a hotel on Konark festival in Pallakkad
hotel,book me a hotel on Galdan Namchot in Lalitpur
hotel,book me a hotel on Ahaia festival in North-Chalakudy
hotel,book me a hotel on Eid Ul Fitr in Lucknow
hotel,book me a hotel on Ganesh Chaturthi in Kanathur
hotel,book me a hotel on Saptak Music Festival in Ponda
hotel,book me a hotel on Makar Sakranti in Ranibennur
hotel,book me a hotel on Kharchi Puj in Haveri
hotel,book me a hotel on Fontainhas Festival of Art in Eruvadi
hotel,i want you to book me a hotel for Andrew Harvey in Ahmedabad
hotel,i want you to book me a hotel for Brenda Miller in Saundattp
hotel,i want you to book me a hotel for Thomas Eaton in Gondia
hotel,i want you to book me a hotel for Christy Goodwin in Fatorda
hotel,i want you to book me a hotel for Mary Chapman in East-Godavary
hotel,i want you to book me a hotel for Rhonda Gilmore in Rohtas
hotel,i want you to book me a hotel for Mike Harrington in Amritsar
hotel,i want you to book me a hotel for Brandon Decker in Panaji
hotel,i want you to book me a hotel for Adam Martinez in Guwahati
hotel,i want you to book me a hotel for Steven Mcconnell in Dibrugarh
hotel,i want to book a hotel from  5 31 in the  morning to  12 59 in the  morning
hotel,i want to book a hotel from  12 14 in the  morning to  6 34 in the  morning
hotel,i want to book a hotel from  10 12 in the  morning to  21 8 in the  night
hotel,i want to book a hotel from  4 4 in the  morning to  16 27 in the  evening
hotel,i want to book a hotel from  6 00 in the  morning to  11 35 in the  night
hotel,i want to book a hotel from  11 20 in the  night to  00 26 in the  morning
hotel,i want to book a hotel from  10 27 in the  morning to  17 16 in the  evening
hotel,i want to book a hotel from  14 36 in the  evening to  4 20 in the  morning
hotel,i want to book a hotel from  12 31 in the  morning to  6 17 in the  morning
hotel,i want to book a hotel from  00 51 in the  morning to  2 24 in the  morning
hotel,book me a hotel for  4 49 in the  morning
hotel,book me a hotel for  10 31 in the  night
hotel,book me a hotel for  6 2 in the  morning
hotel,book me a hotel for  20 48 in the  night
hotel,book me a hotel for  11 30 in the  morning
hotel,book me a hotel for  5 49 in the  morning
hotel,book me a hotel for  11 32 in the  morning
hotel,book me a hotel for  22 41 in the  night
hotel,book me a hotel for  2 5 in the  morning
hotel,book me a hotel for  12 52 in the  morning
hotel,book me a hotel on saturday
hotel,book me a hotel on thursday
hotel,book me a hotel on friday
hotel,book me a hotel on sunday
hotel,book me a hotel on wednesday
hotel,book me a hotel on tuesday
hotel,book me a hotel on monday
hotel,book me a hotel for  1 00 in the  morning
hotel,book me a hotel for  5 43 in the  morning
hotel,book me a hotel for  23 39 in the  night
hotel,book me a hotel for  15 15 in the  evening
hotel,book me a hotel for  21 16 in the  night
hotel,book me a hotel for  11 00 in the  morning
hotel,book me a hotel for  3 27 in the  morning
hotel,book me a hotel for  4 32 in the  evening
hotel,book me a hotel for  8 48 in the  morning
hotel,book me a hotel for  9 10 in the  morning
hotel,book me a hotel three day after Mopin
hotel,book me a hotel 6 day prior to Kharchi Puj
hotel,book me a hotel 1 day prior to Siffcy
hotel,book me a hotel 25 day after Dansi
hotel,book me a hotel fourteen day before sunburn festival
hotel,book me a hotel 9 day prior to Murung
hotel,book me a hotel twelve day before Baisakhi festival
hotel,book me a hotel thirty day prior to Navratri
hotel,book me a hotel fourteen day before Durga Puja
hotel,book me a hotel 21 day before Siffcy
hotel,book me a hotel for nine days
hotel,book me a hotel for 11 days
hotel,book me a hotel for twelve days
hotel,book me a hotel for 24 days
hotel,book me a hotel for eight days
hotel,book me a hotel for 13 days
hotel,book me a hotel for 18 days
hotel,book me a hotel for sixteen days
hotel,book me a hotel for twenty seven days
hotel,book me a hotel for twenty five days
hotel,i want to stay in Margao for five days
hotel,i want to stay in Palakkad for two  days
hotel,i want to stay in Chennai for eleven days
hotel,i want to stay in Cuddalore for twenty nine days
hotel,i want to stay in Kodagu for thirteen days
hotel,i want to stay in Adilabad for 3 days
hotel,i want to stay in Bardez for 24 days
hotel,i want to stay in Barabanki for 4 days
hotel,i want to stay in Gopalganj for one days
hotel,i want to stay in Bhavnagar for five days
hotel,i would like to book a hotel for Eric Wilkerson in Srinagar for 16 days
hotel,i would like to book a hotel for Sheri Little in Auraiya for 15 days
hotel,i would like to book a hotel for Jason Randall in Ranchi for 12 days
hotel,i would like to book a hotel for Teresa Medina in Mainpuri for twenty days
hotel,i would like to book a hotel for Keith Castro in Miraj for fourteen days
hotel,i would like to book a hotel for Jennifer Medina in Jabalpur for 10 days
hotel,i would like to book a hotel for Zachary Burns in Ramnad for 1 days
hotel,i would like to book a hotel for George Gibson in Bhadrak for eighteen days
hotel,i would like to book a hotel for David Sharp in Jorhat for eight days
hotel,i would like to book a hotel for Steven Strickland in Kasargod for twenty nine days
hotel,are there any hotels available on thirty one March
hotel,are there any hotels available on eight March
hotel,are there any hotels available on 4 June
hotel,are there any hotels available on seventeen September
hotel,are there any hotels available on ten April 2042
hotel,are there any hotels available on 7 January
hotel,are there any hotels available on six May 2074
hotel,are there any hotels available on 24 July
hotel,are there any hotels available on 17 August 2058
hotel,are there any hotels available on thirteen April 2015
hotel,i want to book a hotel on twenty five December
hotel,i want to book a hotel on 2 April 2039
hotel,i want to book a hotel on 31 July 2070
hotel,i want to book a hotel on 14 June 2017
hotel,i want to book a hotel on 18 May
hotel,i want to book a hotel on 19 June
hotel,i want to book a hotel on thirty July 2096
hotel,i want to book a hotel on ninteen March
hotel,i want to book a hotel on 7 November 2043
hotel,i want to book a hotel on thirty January
hotel,i would like to stay in Bardez on 16 November 
hotel,i would like to stay in Armoor on 21 November 2084 
hotel,i would like to stay in Kalahandi on 12 April 
hotel,i would like to stay in Agra on 26 July 2079 
hotel,i would like to stay in Edayaranmula on 15 June 
hotel,i would like to stay in Cachar on thirteen May 
hotel,i would like to stay in Dhenkanal on 23 May 2054 
hotel,i would like to stay in Rohtas on 22 October 
hotel,i would like to stay in Armoor on twenty nine April 2024 
hotel,i would like to stay in Bhatkal on 31 January 2060 
hotel,i would like to book a hotel on Rajgir Dance festival for 5 days
hotel,i would like to book a hotel on Chavang Kut for six days
hotel,i would like to book a hotel on Nishagandhi festival for fourteen days
hotel,i would like to book a hotel on Matasya festival for 4 days
hotel,i would like to book a hotel on Dosmuchey festival for 28 days
hotel,i would like to book a hotel on Ladainha for ninteen days
hotel,i would like to book a hotel on Rajgir Dance festival for twenty days
hotel,i would like to book a hotel on Ahaia festival for 19 days
hotel,i would like to book a hotel on Bandna for 21 days
hotel,i would like to book a hotel on Durga Puja for 1 days
hotel,is there any place i can stay in Ramanathapuram on wednesday
hotel,is there any place i can stay in Mansa on monday
hotel,is there any place i can stay in Mangalore on monday
hotel,is there any place i can stay in Pathanamthitta on sunday
hotel,is there any place i can stay in Nagercoil on saturday
hotel,is there any place i can stay in Ariyalur on monday
hotel,is there any place i can stay in Chikmagalur on sunday
hotel,is there any place i can stay in Kaushambi on sunday
hotel,is there any place i can stay in Bhagalpur on wednesday
hotel,is there any place i can stay in Banaskantha on tuesday
hotel,i would like a stay in Palani today
hotel,i would like a stay in Madhepura after 2 days
hotel,i would like a stay in Nawada  this tuesday
hotel,i would like a stay in Sundargarh after two days
hotel,i would like a stay in Kaimur next week
hotel,i would like a stay in Moodabidri  this wednesday
hotel,i would like a stay in Dodballapur end of next week
hotel,i would like a stay in Rewari  this sunday
hotel,i would like a stay in Madhepura  this thursday
hotel,i would like a stay in Bellary  this monday
hotel,i would like to book a hotel for ninteen days  this thursday
hotel,i would like to book a hotel for twelve days today
hotel,i would like to book a hotel for five days  this sunday
hotel,i would like to book a hotel for twenty two days  this tuesday
hotel,i would like to book a hotel for 22 days this week
hotel,i would like to book a hotel for twenty three days  this sunday
hotel,i would like to book a hotel for 28 days tomorrow
hotel,i would like to book a hotel for 31 days  this thursday
hotel,i would like to book a hotel for 3 days today
hotel,i would like to book a hotel for thirty one days  this wednesday
hotel,hotels in Alappuzha
hotel,hotels in Kota
hotel,hotels in Paschim-Champaran
hotel,hotels in Raigad
hotel,hotels in Sambalpur
hotel,hotels in Katihar
hotel,hotels in Khurda
hotel,hotels in Nawada
hotel,hotels in Bangalore
hotel,hotels in Goa
hotel,hotels on 16 February 2069
hotel,hotels on 18 June 2073
hotel,hotels on 14 March
hotel,hotels on 7 July 2024
hotel,hotels on 22 March
hotel,hotels on seven July 2041
hotel,hotels on 14 February 2076
hotel,hotels on four September
hotel,hotels on nine April 2012
hotel,hotels on four January
hotel,hotels on twenty four December in Lalitpur
hotel,hotels on four July in Rewari
hotel,hotels on twenty eight January in Sambalpur
hotel,hotels on 11 December 2036 in Anakapalli
hotel,hotels on twenty two January 2017 in Jalna
hotel,hotels on ten June 2063 in Bhatkal
hotel,hotels on ninteen January in Komlloor
hotel,hotels on thirty one January 2065 in Supaul
hotel,hotels on one September 2064 in Kendrapada
hotel,hotels on 10 June 2030 in Aligarh
hotel,i need a Motels
hotel,i need a Boats
hotel,i need a Holiday homes
hotel,i need a motel
hotel,i need a Hostels
hotel,i need a Cruises
hotel,i need a Homestays
hotel,i need a Economy hotels
hotel,i need a inn
hotel,i need a Farm stays
hotel,i want a Chalets on 13 September
hotel,i want a Chalets on fifteen October 2038
hotel,i want a suite on 6 September 2073
hotel,i want a Cruises on sixteen October
hotel,i want a Apartments on 5 January 2063
hotel,i want a Apartments on 14 October
hotel,i want a homestay on two  June
hotel,i want a Cruises on 4 October 2029
hotel,i want a Boats on twenty six December 2096
hotel,i want a Resorts on twenty six July
hotel,book me a Country houses in Mardol
hotel,book me a resort in Mansa
hotel,book me a Homestays in Kozhikode
hotel,book me a Homestays in Subansiri
hotel,book me a Resorts in Ramnad
hotel,book me a Lodges in Bilaspur
hotel,book me a resort in Bahraich
hotel,book me a Campsites in Kuttippuram
hotel,book me a Chalets in Chingannur
hotel,book me a Hotels in Kochi
hotel,please find the nearest Hostels in Sambalpur on 25 February 2055
hotel,please find the nearest Country houses in Gurgaon on nine February
hotel,please find the nearest Farm stays in Nandurbar on 12 November
hotel,please find the nearest Holiday parks in Ranibennur on 18 March
hotel,please find the nearest Cruises in Jayamkondam on eighteen July
hotel,please find the nearest lodging in Sambalpur on sixteen February
hotel,please find the nearest resort in Begusarai on 25 June 2092
hotel,please find the nearest lodges in Chaziabad on fifteen August 2098
hotel,please find the nearest inn in Chandigarh on 23 December 2088
hotel,please find the nearest Economy hotels in Mumbai on fifteen June 2091
hotel,Hotels in Navsari
hotel,Cruises in Jaggayyapet
hotel,lodging in Jabalpur
hotel,Hostels in Moothakunnam
hotel,Farm stays in Durg
hotel,Hotels in Buvanagiri
hotel,Motels in Hingoli
hotel,motel in Panchmahal
hotel,Holiday homes in Mansa
hotel,guest house in Goa
hotel,lodges in Mangalore on 6 August 2050
hotel,resort in Karnal on five December 2043
hotel,Love hotels in Adilabad on 24 March
hotel,Homestays in Gaya on 19 July 2050
hotel,Economy hotels in Mumbai on 7 November 2042
hotel,homestay in Ramanagaram on 5 August
hotel,Country houses in Mahesana on twelve August
hotel,Lodges in Lucknow on 17 September 2074
hotel,Apartments in Bangalore on six February 2035
hotel,Lodges in Bharuch on twenty eight December
hotel,villam on Rajgir Dance festival
hotel,Villas on Ugadi
hotel,Villas on Nishagandhi festival
hotel,Holiday parks on Chikalkalo
hotel,Boats on Holi
hotel,Villas on Dussehra
hotel,Farm stays on Wangala Festival
hotel,inn on Ladainha
hotel,Country houses on Qutub Festival
hotel,Hostels on Boori Boot
hotel,i want a Holiday parks for Jennifer Johnson on 30 July 2045 near Parbhani
hotel,i want a resort for Emily Mejia on thirteen July near Bikaner
hotel,i want a Hotels for Isabella Mullins on twenty March near Sitapur
hotel,i want a Economy hotels for Debra Bauer on 21 September near Nagai
hotel,i want a lodges for Timothy Martinez on six December 2076 near Purnea
hotel,i want a Guest houses for Savannah Taylor on 12 September near Jehanabad
hotel,i want a villam for David Garcia on ninteen March 2040 near Kanathur
hotel,i want a Farm stays for Cassandra Harris on 28 September near Curchorem
hotel,i want a Country houses for Justin Greene on ninteen May 2094 near Ponda
hotel,i want a Resorts for Jason Harrison on thirty one October near Deoband
hotel,can you please book a Luxury tents for Frances Brown
hotel,can you please book a motel for Ross Thompson
hotel,can you please book a Luxury tents for Joseph Rojas
hotel,can you please book a inn for Eric Yang
hotel,can you please book a Guest houses for Amy Long
hotel,can you please book a Villas for Mia White
hotel,can you please book a Economy hotels for Jonathan Weaver
hotel,can you please book a Hostels for Pam Miller
hotel,can you please book a Chalets for Joseph Kelley
hotel,can you please book a Cruises for Madison Rodriguez
hotel,i need a stay in a Villas on eighteen day prior to Dussehra
hotel,i need a stay in a Farm stays on 30 day prior to Pongal
hotel,i need a stay in a Farm stays on 2 day prior to Ambubasi festival
hotel,i need a stay in a guest house on sixteen day prior to Majuli festival
hotel,i need a stay in a Guest houses on ten day after Gemis Festival
hotel,i need a stay in a Economy hotels on 22 day before Basant Panchami
hotel,i need a stay in a Apartments on 16 day prior to Saga Daw
hotel,i need a stay in a Motels on 31 day prior to vaikathashtami festival
hotel,i need a stay in a lodging on 19 day prior to Majuli festival
hotel,i need a stay in a homestay on three day prior to Maha Shivratri
hotel,i want a Apartments for one days  this saturday
hotel,i want a Cruises for twenty five days  this friday
hotel,i want a Homestays for 26 days  this thursday
hotel,i want a Hostels for 25 days one day before next week
hotel,i want a inn for 24 days tomorrow
hotel,i want a Holiday parks for 24 days after two days
hotel,i want a lodging for twenty five days  this tuesday
hotel,i want a Economy hotels for twenty two days  this saturday
hotel,i want a Motels for 10 days next week
hotel,i want a suite for seventeen days one day before next week
hotel,Country houses  next saturday
hotel,motel next to next wednesday of August
hotel,guest house  first friday
hotel,guest house next wednesday of December
hotel,Motels  next to next saturday
hotel,Luxury tents  first thursday
hotel,Hostels first month of April
hotel,lodging fourth day of October
hotel,Farm stays  next saturday
hotel,Hostels fourth week of August
hotel,book me a Holiday homes in Kodagu next to next wednesday of February
hotel,book me a villam in Nanded next to next thursday of June
hotel,book me a lodges in Kozhikode  next to next friday
hotel,book me a Guest houses in Bhavani first thursday of February
hotel,book me a Chalets in Darbhanga next wednesday of July
hotel,book me a Boats in Davangere third month of April
hotel,book me a inn in Badaun third week of November
hotel,book me a Boats in Ramanagaram fourth day of June
hotel,book me a Homestays in Mathura third day of April
hotel,book me a Lodges in Meerut  first tuesday
hotel,book me a suite for Anthony White in Mahesana  first wednesday
hotel,book me a Villas for Samuel Fernandez in Kochi  next monday
hotel,book me a Guest houses for Jeffery Baker in Nellai fifth month of July
hotel,book me a Farm stays for Frances Oconnor in Mandya  first monday
hotel,book me a Cruises for Steven White in Kanyakumari third month of November
hotel,book me a Homestays for Christine Jenkins in Lalitpur  first sunday
hotel,book me a Economy hotels for Emily Wood in Purnea  first sunday
hotel,book me a Apartments for Joseph Clark in Coorg fourth month of April
hotel,book me a resort for Alison Marquez in Papumpare next friday of June
hotel,book me a Guest houses for Tara Lawrence in Junagadh fourth month of October
hotel,i am in a ride book me a hotel in Faizabad
hotel,i am in a ride book me a hotel in Puri
hotel,i am in a ride book me a hotel in Harihar
hotel,i am in a ride book me a hotel in Nagai
hotel,i am in a ride book me a hotel in Hyderabad
hotel,i am in a ride book me a hotel in Jaipur
hotel,i am in a ride book me a hotel in Raipur
hotel,i am in a ride book me a hotel in Rohtas
hotel,i am in a ride book me a hotel in Jind
hotel,i am in a ride book me a hotel in Darrang
hotel,i will be landing in Begusarai at  4 20 in the  evening book me a hotel
hotel,i will be landing in Panaji at  9 18 in the  morning book me a hotel
hotel,i will be landing in Jalgaon at  10 00 in the  morning book me a hotel
hotel,i will be landing in Bhubhneshwar at  2 38 in the  morning book me a hotel
hotel,i will be landing in Margao at  9 26 in the  night book me a hotel
hotel,i will be landing in Chingannur at  9 13 in the  night book me a hotel
hotel,i will be landing in Jamshedpur at  4 33 in the  morning book me a hotel
hotel,i will be landing in Saharsa at  1 5 in the  morning book me a hotel
hotel,i will be landing in Beed at  1 38 in the  morning book me a hotel
hotel,i will be landing in Dhenkanal at  9 35 in the  morning book me a hotel
hotel,i am riding to Darbhanga and i will need a stay
hotel,i am riding to Jammu and i will need a stay
hotel,i am riding to Lower-Subansiri and i will need a stay
hotel,i am riding to Pudukkottai and i will need a stay
hotel,i am riding to Siddarth-Nagar and i will need a stay
hotel,"i am riding to "" and i will need a stay"
hotel,i am riding to Bhojpur and i will need a stay
hotel,i am riding to Arrah and i will need a stay
hotel,i am riding to Balasore and i will need a stay
hotel,i am riding to Kasargod and i will need a stay
hotel,need a stay where i can easily book an ola
hotel,i need a place to stay on sixteen February in this beautiful weather
hotel,i need a place to stay on twenty seven December 2035 in this beautiful weather
hotel,i need a place to stay on 13 January 2019 in this beautiful weather
hotel,i need a place to stay on 24 October 2037 in this beautiful weather
hotel,i need a place to stay on twenty eight December 2041 in this beautiful weather
hotel,i need a place to stay on four February 2042 in this beautiful weather
hotel,i need a place to stay on 31 June 2011 in this beautiful weather
hotel,i need a place to stay on twenty two April in this beautiful weather
hotel,i need a place to stay on thirteen October in this beautiful weather
hotel,i need a place to stay on 13 February 2081 in this beautiful weather
hotel,i want to book a hotel this rainy season
hotel,it is raining outside so book me a hotel
hotel,i am in a ride to Panaji please book me a hotel there
hotel,i am in a ride to Adilabad please book me a hotel there
hotel,i am in a ride to Siddarth-Nagar please book me a hotel there
hotel,i am in a ride to Ramnad please book me a hotel there
hotel,i am in a ride to Parbhani please book me a hotel there
hotel,i am in a ride to Kannauj please book me a hotel there
hotel,i am in a ride to Mughalsarai please book me a hotel there
hotel,i am in a ride to Papumpare please book me a hotel there
hotel,i am in a ride to Buldhana please book me a hotel there
hotel,i am in a ride to Quepem please book me a hotel there
hotel,today is a sunny day so book me a hotel in Jashpur
hotel,today is a sunny day so book me a hotel in Golaghat
hotel,today is a sunny day so book me a hotel in Latur
hotel,today is a sunny day so book me a hotel in Darrang
hotel,today is a sunny day so book me a hotel in Abiramam
hotel,today is a sunny day so book me a hotel in Khagaria
hotel,today is a sunny day so book me a hotel in Maharajganj
hotel,today is a sunny day so book me a hotel in Bijnor
hotel,today is a sunny day so book me a hotel in Surendranagar
hotel,today is a sunny day so book me a hotel in Lalitpur
hotel,book me a hotel near Kushok Bakula Rimpochee Runway
hotel,book me a hotel near Belgaum Airstrip
hotel,book me a hotel near Hirakud Airstrip
hotel,book me a hotel near Bellary Runway
hotel,book me a hotel near Keshod Runway
hotel,book me a hotel near Latur Airfield
hotel,book me a hotel near Juhu Aerodrome
hotel,book me a hotel near Surat Airstrip
hotel,book me a hotel near Gaya Airfield
hotel,book me a hotel near Rajahmundry Runway
flight,i want to reserve return flight for   6 days before Navy Birthday
flight,reserve a Comores Airlines flight
flight,unreserve flight scheduled this thursday
flight,cancel flight that i booked between 6 27 am and 1 45 pm
flight,i want to be back on around 18 20 pm
flight,cancel the flight stopping at MOB  around 0 48 am
flight,reserve seat for iiuulu
flight,get me some meal in XZ flight on 19 sept
flight,i want to cancel flight booked for Descending Day of Lord Buddha
flight,cancel a flight from Jasper County Airport upto Henderson Oxford Airport scheduled at evening or afternoon and Henderson Oxford Airport to Jasper County Airport available on weekend before dawn
flight,i want a flight reserved   1 days prior Sambisa Memorial Day
flight,when can i expect the arrival of  G4FV7
flight,i want to unreserve return flight for autumnal equinox
flight,show me status of flight i booked for 3  children 5 adults 3 infants 
flight,details of flight on this wednesday
flight,I want status of flight that i booked on thirty december 2060
flight,cancel booking of trip on sunday
flight,i want to reserve a seat in return flight for Ghyalpo Losar
flight,cancel me a returning flight on eleven mar
flight,get me a aisle side seat in Metro Batavia
flight,book me a economy seat that is expensive
flight,show me status of flight that i booked on 17 feb
flight,do my auto check in of GN flight
flight,what about flight departing in evening
flight,book a direct trip for me and back on after 7 37 am
flight,what are the hotels for SK equipped with self check in facility
flight,what flights are available on second day of june afternoon
flight,can i book a return flight from Ozark for 2  adults 2 children 5 infants 
flight,cancel direct DS flight
flight,book a flight that do not go via Clacton on Sea
flight,book a flight that has book more than non stops and back on this tuesday
flight,unreserve flight scheduled   28 days prior Dia Nacional de la Aviacion
flight,book a flight that has less than 3 stops and back on 2 days before Friday
flight,i want to reserve a return flight for 5 childs from Dibba Al Hisn to Le Chatelard
flight,cancel flight that i booked between 10 48 pm and 8 38 am
flight,i do not want to board flight from MBX Airport
flight,book me a flight on monday
flight,reserve me a flight that dont have more than non stop
flight,unreserve me a return flight to North Kingstown
flight,cancel me a returning flight on  next to next thursday of jan
flight,i want to cancel flight on 4 october 2055
flight,i want to unreserve return flight for  ten days prior Ramadan Start
flight,show status of return flight on twenty august
flight,book a direct trip for me and back on before 14 45 am
flight,i want to come back before 1 34 am
flight,book a flight that does not go via Santiago
flight,i wanna know about  48X0A
flight,cancel my   flight from Ales Deaux Airport
flight,book flight for degidomi
flight,cancel the return flight to Molepolole
flight,I want cancellation of my flight on  first wednesday as soon as possible
flight,is flight QMT 7S after 12 21 pm
flight,i would like to cancel my  flight from Yantongshan
flight,where is flight BF-Lento OY
flight,book flight that i had cancel for  a week after National Wear Red Day
flight,get me a aisle side seat in Catovair
flight,cancel flight that i booked between 8 9 pm and 6 59 pm
flight,cancel flight that i booked between 5 8 pm and 0 23 am
flight,i want a flight booked for Lakshmi Jayanti
flight,cancel booking made on twenty october
flight,what about flight on two april
flight,find flight in range of 74064 97087 Rupees for 5  adults 4 children 4 infants  on 12 sept  in coach class
flight,i want to discard flight booked   16 days prior All Saints Day 
flight,from now on only and only ecomony class seats for me
flight,Flights bound to leave around 5 pm
flight,i want to cancel return flight for Plurinational State Foundation Day
flight,cancel my flight to Shunyi and the  flight from Xi'an
flight,i want to travel to Lokeren
flight,unreserve flight booked for 1 adults
flight,show me status of flight i booked for 4 infants
flight,book me a  flight for 1  children 4 adults 3 infants  from Larkhall
flight,cancel booking of trip on 16 december
flight,book me a return flight from Tharad
flight,book a round trip for me and back on after 9 45 am
flight,book flight for my girl friend around 13 49 am
flight,i dont want to travel on wednesday
flight,I want cancellation of my 0Y flight
flight,what is time of departure
flight,what flights are available on twelve march 2095 afternoon
flight,i want to reserve a  flight from Fernandopolis on  first saturday of sept
flight,get me some meal in Croatia Airlines flight
flight,cancel me a flight that returns from Aalen between 19 31 pm and 11 17 pm
flight,i want to reserve a return flight for 5 adults from Daltonganj to Somerset
flight,how many stops are between Rancho Mirage to Freiberg for UEFL F
flight,will i be able to de checkin if i decide not to travel in KSZ
flight,cancel my  adjoining flight from Narita International Airport
flight,Get me an expensive flight to czech republic tomorrow
flight,i wanna know about late midnight flight
flight,cancel flight from YX airlines
flight,book a aisle side seat in PAN Air
flight,I want cancellation of my KO flight as soon as possible
flight,i want a return flight not less than 37270 from Upata to Olot
flight,book a round trip for me and back on after 12 33 pm
flight,show me the status of my flight that is late dawn
flight,will flight land around 17 27 pm
flight,cancel the flight i booked from Chajari to Ita scheduled on friday
flight,cancel the return flight to Grytviken
flight,can i book a return flight from Onomichi for 2 infants
flight,i wanna know about MBKTDL
flight,book flight for douioupi
flight,what about flight which is scheduled on  day after tomorrow
flight,i want a  flight not more than 30333 from Bella Vista to Guarabira
flight,when do checkin counter for American Eagle Airlines open prior to shceduled time of departure
flight,i would like to cancel my  flight for my niece
flight,i want to come back after 10 2 am
flight,i want to come back before 8 56 pm
flight,book me a flight on this tuesday
flight,Buy extra-baggage of 3214 kg for  1BF3K
flight,show me status of flight i booked for 5 infants
flight,reserve a flight that has no more than no halts and back on third monday
flight,I want to inquire with you about bangkok flight flying from Indore on first night of navratri
flight,fly me on   12 days before Cernova Tragedy Day and back on fourth wednesday
flight,will i be able to de checkin if i decide not to travel in Afriqiyah Airways
flight,where is World Airways  8EUR3 right now
flight,cancel flight that i booked between 22 59 am and 4 46 am
flight,cancel the return flight to Nigel
flight,i want to cancel return flight for Day of the Great October Socialist Revolution
flight,should i take flight after 19 38 am to my destination to reach betweeen 23 13 am 17 19 am
flight,I would like to have veg meal for flight on tuesday
flight,what cheap flights are available on day before weekend evening
flight,book flight for grand mother before 4 50 pm
flight,i want to reserve a seat in return flight for Jyeshtha Gauri Avahana
flight,i want to travel on International Day Against Drug Abuse and Illicit Trafficking
flight,i dont want to travel on  the first day  after Revolution Day July 23
flight,book me a  flight for 4 adults 3 infants from Koothanallur
flight,cancel round trip Hong Kong Airlines flight
flight,should i take flight before 7 9 am to my destination to reach betweeen 24 59 am 3 36 pm
flight,unreserve flight scheduled   17 days after Swiss National Day
flight,i want to book airtickets for uakoao jucobaro and uakbao jucobaro for monday
flight,book a round trip for me and back on before 1 35 pm
flight,I want cancellation of my Aeroflot-Nord flight
flight,cancel flight scheduled early in the dawn
flight,i want to fly on  first friday with 1  infants 5 children 2 adults  and return on  next to next friday
flight,show me status of flight that i booked day before yesterday
flight,show me status of flight departing in midnight
flight,cancel flight that i took between 24 27 am and 1 46 am
flight,book premium economy class in prior dusk for son in law
flight,book me flight coming back on monday and departure on twenty feb 2072
flight,is my return flight expected to arrive early dusk or around 23 44 am
flight,cancel flight booked for dehahivi huroguva
flight,book any flight scheduled at 1 39 pm to Fremont
flight,book me a return flight on fourth day of feb
flight,flight to NLK by PRX
flight,i would like to issue a wheel chair for my myself
flight,show me status of flight i booked for 5  children 1 adults 5 infants 
flight,From now i only want to travel in economy flights
flight,cancel flight booked for yalunueo
flight,show status of return flight on sunday midnight
flight,i want to reserve a return flight from Pointe a Pitre on last week of november
flight,I want to fly in JET airways to berlin
flight,i want to discard flight booked   7 days prior Nauryz  Day 3  
flight,cancel me return flight from Calumet City 
flight,cancel the travel class flight that i booked from Khirkiyan to Caycuma
flight,what about flight that i booked on sunday
flight,cancel flight scheduled late in the evening
flight,book a return flight from Channelview on  next tuesday of april
flight,show me the status of my flight that is prior afternoon
flight,is my return flight late in predawn
flight,can i book a  flight from Marco Island Executive Airport to Perry Municipal Airport this sunday
flight,where is flight BRAZIL AIR
flight,cancel my GL flight on sunday
flight,book a flight that has more than 3 stops and back on upcoming weekend
flight,where is flight SJO
flight,cancel flight that i booked between 8 56 pm and 19 56 am
flight,drop the trip made for 1 adults
flight,return flight on   the first day of before Anzac Day Holiday going via Mount Airy Surry County Airport
flight,unreserve flight scheduled  four days prior Chosun Childrens Union Foundation Day
flight,I want extra baggage of MAI flight
flight,book a direct trip for me and back on around 21 42 am
flight,cancel the return flight to Foothill Farms
flight,please book a seat for reuigumo and my sister 
flight,I want inquiry about san francisco flight flying midnight from London airport 2 days after diwali
flight,Buy extra-baggage of 10 kg for V T3LX
flight,book a flight scheduled before 7 34 am to UGC
flight,i want to reserve a ticket for maternal grand father with max 0 layover
flight,cancel the return flight to Port Angeles
flight,will flight land before 6 33 pm
flight,i want prior evening flight for my jounrey
flight,show me the status of my flight that is prior morning
flight,i dont want to travel on  four days before Unaine Day
flight,cancel my  return flight from WLS
flight,could you please do my web check-in of 4O
flight,can i book a flight flying back from Mili Island Airport to Lengpui Airport day before
flight,i want to know status of return flight scheduled early dusk
flight,reserve flight for neri
flight,book a flight with fare in range between 42851  and four thousand to Ozark Regional Airport
flight,book a direct trip for 5 adults 1 infants
flight,cancel flight that i booked between 22 45 am and 1 29 pm
flight,tell me about flight schedulaed  one day prior la Fete nationale
flight,cancel flight booked for 1 infants
flight,cancel flight via Polatli from Chiryu to Tayu
flight,unreserve flight scheduled  first sunday of apr
flight,flight that is departing night
flight,Book a flight from Sri Nagar to Kanyakumari that flies early in the morning
flight,cancel flight scheduled at 21 41 pm
flight,book me a return flight from Leusden to Staaken for last week of feb approx thirty thousand
flight,details of BKF flight on 18 nov
flight,unreserve me a return flight to Ponce
flight,cancel flight that i booked between 14 59 am and 10 57 pm
flight,book flight that is in price range 45127  43262
flight,cancel flight that i wished between 8 44 pm and 20 0 pm
flight,cancel the economy class flight that i booked for first day of march
flight,i want late afternoon flight for return journey
flight,i want to reserve a ticket for my maternal grandmother with max non layover
flight,book a direct trip for me and back on before 23 18 am
flight,cancel booking made on this thursday
flight,reserve flight scheduled early in the evening
flight,what about VZ BWC
flight,book a flight with fare in range 66280 to 63698 for  fifteen days before Pesach VII  Last day of Passover  
flight,reserve flight for ouieousa seraka
flight,book a return flight on  next to next tuesday
flight,unreserve flight book for my nephew 
flight,drop the trip made for 4 adults 5 infants
flight,show me status of flight which is scheduled on this thursday
flight,I want cancellation of my fifth flight
flight,book me flight with return on thursday and departure on 22 feb 2095
flight,book flight for my husband before 3 7 am
flight,will i be able to de checkin if i decide not to travel in XAN
flight,show status of return flight on twenty five august 2068 midnight
flight,drop the trip made for 2 infants
flight,book flight that i had cancel for   14 days after Mardi Gras
flight,cancel the prior cheaper flight that have no more than 3 stop
flight,book a middle seat in TAK
flight,book flight for potori lobebe
flight,do i have to turn my mobile off in PP AA3
flight,I want cancellation of my third flight as soon as possible
flight,i want to come back before 15 33 am
flight,will i be able to de checkin if i decide not to travel in Holidays Czech Airlines
flight,cancel flight booked for kefe lukopi
flight,book me a economy seat that is cheaper
flight,cancel the return flight to Carigara
flight,i want to come back before 4 57 am
flight,book me flight with return on monday and departure on 2 february
flight,reserve seat for gefooi
flight,cancel the business class flight that i booked for  next monday
flight,reserve a flight that has book more than 0 stops and back on third week of april
flight,i want to fly on Shovuos
flight,I want to inquire with you about the flight going to Berlin on the first night of Navratri
flight,cancel flight that i reserved between 0 43 am and 3 13 pm
flight,i want to come back before 17 36 am
flight,cancel flight that i took between 3 10 am and 9 34 pm
flight,please give me the information of Cranendonck to Bocaiuva flight
flight,show me status of F988W3
flight,track flight 3BA1 P
flight,i want to fly on Anniversary of Prime Minister Patrice Emery Lumumba's Assassination observed
flight,cancel dawn trip from Sao Goncalo do Sapucai
flight,is there any flight late in dawn
flight,cancel EW
flight,cancel flight that i wished between 8 10 pm and 18 21 pm
flight,details of flight i booked for 1  adult 1 children 5 infants 
flight,cancel the trip made for 1 infants
flight,what is the bandwidth of the wifi provided in Congo Express
flight,show status of return flight on 23 apr
flight,cancel flight that i booked between 14 57 pm and 5 4 pm
flight,cancel flight that i selected between 12 34 pm and 21 26 am
flight,book me flight with return on thursday and departure on twenty two may 2083
flight,I would like to have veg meal for flight on sunday
flight,cancel flight that i reserved between 1 48 pm and 17 43 pm
flight,i want to reserve return flight for  ten days prior President Ndadayes Day and back on fifth week of november
flight,cancel the travel class flight that i booked from Osorio to Mata de Sao Joao
flight,i want to cancel flight booked  thirteen days before Moshoeshoe's Day
flight,what about flight which is scheduled on this wednesday
flight,i want to come back after 5 6 am
flight,get me some meal in VI4 flight on twenty eight october 2077
flight,book a flight from Weston Airport upto Amsterdam and Colombo to Weston Airport
flight,unreserve me a return flight to Centar Zupa
flight,get me a flight in late predawn
flight,show me status of MAI
flight,is immigration check done for all passengers in  UG90M LAO
flight,show me the status of my flight that is early noon
flight,i want to reserve return flight for   8 days before Chakri Dynasty Memorial Day
flight,I want a economy class booking on CWM to Krasnoznamensk
flight,cancel flight on  first thursday from Marsta to Serang
flight,hey Genie
flight,cancel the next flight with 0 stop
flight,book me a return flight for 2  adults 2 children 3 infants  from Seinajoki
flight,abort flight on thursday dusk
flight,I want extra baggage of Surinam Airways flight
flight,Having a good day?
flight,get me status of 86PMLJ
flight,I want status of flight that i booked on 1 may
flight,cancel flight that i wanted between 4 1 pm and 17 22 pm
flight,cancel my a return flight on this thursday
flight,book me flight with return on sunday and departure on twenty two jan
flight,reserve flight scheduled early in the midnight
flight,cancel my return flight that will arrive late in midnight
flight,fly me on  twelve days prior World Azerbaijanis Solidarity Day and back on second saturday
flight,reserve a flight that has no more than 0 stops and back on second saturday
flight,i want to know departure time of return flight scheduled prior dusk on 12 oct 2088
flight,i want to know departure time of my return flight on 10 october midnight
flight,tell me about flight schedulaed  twelve days prior Simhat Torah
flight,i want a return flight less than sixteen hundred from Kostrzyn nad Odra to Potters Bar
flight,show me flights with price under ten thousand
flight,I want status of flight which is scheduled on sixteen july
flight,book a flight costly than 6403 
flight,I want extra baggage of PB Air flight
flight,book flight for nupi fikuaa
flight,unreserve flight booked for 2  infants 2 children 5 adults 
flight,show me flights with price not less than fourteen 000
flight,when will the  JIEJ4 reach 1st stop
flight,details of flight i booked for 4 infants
flight,i want to reserve a  flight for 4 adults 4 childs from Schleswig to Vynohradiv
flight,book a  flight from Dorcheh Piaz on  next to next monday of mar
flight,should i take flight around 1 24 am to my destination to reach betweeen 23 3 am 3 49 am
flight,book a direct trip for me and back on before 19 9 am
flight,i want to fly in Frontier Airlines
flight,book flight scheduled late in the predawn
flight,get me a flight in early night
flight,i want to travel on Labor Day  Day 2  
flight,unreserve flight scheduled  next to next wednesday of apr
flight,book a fourth flight with atleast 0 stop
flight,cancel noon flight
flight,i would like to cancel my  flight for grand mother
flight,reserve a flight that does not halt at Irosin
flight,unreserve the cheap prior flight
flight,details of flight which is scheduled on thursday
flight,i want to cancel my return flight to Sultan Ismail Petra Airport
flight,cancel flight that i booked between 2 8 pm and 21 50 am
flight,cancel flight on  next to next thursday
flight,cancel flight that i booked between 2 39 am and 19 10 am
flight,details of flight i booked for 1 infants
flight,when do checkin counter for Midwest Airlines (Egypt) open prior to shceduled time of departure
flight,book a flight that has no more than 2 stops and back on first day of next week
flight,what are the hotels for SYX equipped with self check in facility
flight,i wanna know about TH9SGP
flight,abandon my flight that is departuring prior in noon
flight,book the flight to Ives Estates that i cancel first day of next week
flight,fly me on   27 days before Ramadan begins and back on fourth sunday
flight,book return flight for 1  infants 1 children 4 adults  from Elyria
flight,reserve a flight that do not stop at La Goulette
flight,book a round trip for me and back on around 24 22 pm
flight,cancel Mandala Airlines
flight,details of round trip flight to Hushitai
flight,i want to reserve a  flight from Matamey on  next to next thursday of oct
flight,does OD support e checkin
flight,i want to come back after 22 26 am
flight,book me a travel class seat which is expensive
flight,return flight on   22 days prior Maghi going via QDJ
flight,Avies flight status
flight,show me status of flight i booked for 4  children 5 adults 2 infants 
flight,what about flight which is scheduled on 3 apr
flight,Find me an expensive flight that is going to land baghdad
flight,I would like to have non-veg meal for Tianshui Akhaltsikhe flight
flight,book a direct trip for me and back on before 5 50 am
flight,i want to reserve a ticket for my daughter in law with max 0 layover
flight,tell me about flight schedulaed   7 days after Phalguna Purnima
flight,will i be able to de checkin if i decide not to travel in S1
flight,cancel flight that i booked between 4 60 pm and 2 31 pm
flight,book flight for mileveku
flight,book flight for goeayaeu after 3 57 am
flight,return flights in between 0 11 pm to 8 32 pm
flight,i want to fly in Medallion Air
flight,i want to be back on after 1 37 pm
flight,book flight for bipehu leceli
flight,reserve a flight that has no more than 2 halts and back on  next to next wednesday
flight,tell me about flight schedulaed   the very adjoining day after National Braai Day
flight,i want to travel on  first friday of may and return on  next to next thursday of nov
flight,tell me about flight schedulaed  eight days before DST
flight,get me some meal in N8 flight on 12 aug
flight,cancel me a return flight on fourth week of dec
flight,book flight for my nephew around 7 58 pm
flight,tell me about flight schedulaed  three days after Narmada Jayanti
flight,i want to come back after 2 55 pm
flight,return flights in between 5 4 am to 13 19 am
flight,reserve a aisle side seat in Hermes Airlines
flight,cancel flight that i opted between 18 0 am and 13 45 am
flight,cancel flight from Huaxia airlines
flight,can you help in finding me a budget flight of not more than 1 hundred
flight,i want to have air ticket for i
flight,i want to know departure time of my flight on 31 jan dawn
flight,return flight on  five days after Muharram going via RDM
flight,unreserve flight scheduled last week of december
flight,what flights are available on day after weekend predawn and back on fourth thursday
flight,unreserve flight booked for 3 childs
flight,i would like to cancel my  flight for my wives
flight,cancel flight that i booked between 3 6 pm and 24 16 pm
flight,book me a return flight on 27 aug 2094
flight,i want to fly on a economy on fifth tuesday with 4 infants in cheaper flight and back on after 4 19 am
flight,book flight that is of price range twenty four thousand to nine thousand
flight,drop the trip booked for 2 childs
flight,i want to fly on this monday
flight,i want to reserve a return flight for 4 adults from Sangre Grande to Salavat
flight,i would like to cancel my  flight for my daughter
flight,I want status of flight which is scheduled on 4 may
flight,reserve a flight that has book more than non stops and back on  next to next thursday
flight,reserve a flight that has no more than no halts and back on next thursday
flight,cancel flight that was of price 56974
flight,can i checkin online
flight,Find me a cheap flight 
flight,cancel me a return flight on sunday
flight,please get me a return flight  one day before Mattu Pongal from EJH
flight,i want to reserve a return flight for 3 childs from Bordj Ghdir to Fountain
flight,book a flight that does not go via Tingi
flight,unreserve flight scheduled  the very adjoining day prior Martisor  first day of spring  
flight,show me costly with window side seat in AL2
flight,i want to have flight on fourth day of july 
flight,i want a flight reserved   30 days before Capodanno
flight,reserve me a flight that dont have more than 2 stop
flight,abort flight on tuesday noon
flight,reserve flight TASX 2
flight,cancel QatXpress flight with flight number 3A2K F
flight,I want cancellation of my Line Blue flight as soon as possible
flight,book a early cheap flight that have no more than 3 stop
flight,cancel the trip made for 5 childs
flight,show status of return flight on tuesday
flight,book me a return flight from Massakory
flight,On the 22 sept 2066 book me a flight from Kartarpur to Kirklareli
flight,reserve flight for curivu
flight,reserve a flight that has no more than no stops
flight,book a flight for 1  infants 2 children 4 adults 
flight,cancel flight booked for pamueuyo
flight,cancel the premium economy class flight that i booked for twenty seven february 2058
flight,cancel my   flight from LXG
flight,what about flight i booked for 5 infants
flight,book a round trip for me and back on before 8 0 pm
flight,show me status of YCP
flight,book a flight that do not go via Plavsk
flight,what direct trip flights are available on next weekend night
flight,i want to come back before 21 46 am
flight,i wanna know about GERJFH
flight,book a flight that does not go via Phra Pradaeng
flight,cancel me return flight to Kediri 
flight,is there any economy class flight after 20 15 am
flight,i want a return flight from Fada to El Jem
flight,i want a return flight not less than 5 000 from Ihosy to Abohar
flight,book a flight for 2 adults 4 childs
flight,reserve a flight that does not halt at Jiangyou
flight,get me a flight in prior predawn
flight,i want to be here on  next to next wednesday from Pikalevo
flight,i want a flight booked   19 days before Birthday of the Governor of Malacca
flight,reserve flight for moaovosa sutoeoaa
flight,show me the status of my flight that is prior midnight
flight,cancel all flights to Ashland
flight,book me a travel class seat which is costly
flight,i want early midnight flight for my jounrey
flight,find me fastest flights available for costing above twenty four thousand
flight,cancel me return flight to Saynshand 
flight,book a direct trip for me and back on after 11 9 pm
flight,drop the trip made for 1  adults 2 children 5 infants 
flight,what is the bandwidth of the wifi provided in VLM
flight,is my first class return flight late in night
flight,cancel flight booked for kubueama
flight,i want to be back on after 9 51 am
flight,cancel the fourth flight with 3 stop
flight,tell me about flight schedulaed   10 days prior Hariyali Teej
flight,show status of round trip flight to Madras
flight,i want to come back around 11 19 pm
flight,cancel the coach class flight that i booked for twenty eight aug 2049
flight,i want to cancel return flight for World Maritime Day
flight,i want to see my early midnight flight
flight,do my auto check in of Finncomm Airlines flight
flight,is TGJ NK delayed
flight,cancel flight booked for mana eora
flight,i want a flight reserved   9 days before Easter Monday  Orthodox  
flight,schedule of airplane booking
flight,which gate is flight ICC6 U departing from
flight,is my flight early in afternoon
flight,can i book a return flight from Pyay for 1  adults 4 children 2 infants 
flight,cancel round trip 5Q flight
flight,book me a  flight over four 000 from Shangmei 
flight,cancel flight from KI airlines
flight,unreserve the cheap early flight
flight,show status of return flight on wednesday
flight,book me a first class seat that is cheaper
flight,Reserve only elite economy seats now
flight,book a round trip for me and back on around 21 40 am
flight,Book my returning journey 4 days after diwali
flight,details of flight that i booked on 24 sept
flight,reserve flight that is of price range 50153  89033
flight,when will the password for the wifi be given in AUI
flight,when will the password for the wifi be given in AFL
flight,unreserve the expensive prior flight
flight,return flight on   27 days before Civic Day going via Adiyaman Airport
flight,book a last flight with atleast 1 stop
flight,cancel flight that was of price 71395
flight,book flight for cayu mihe
flight,can i book a return flight from UVE to ALE this wednesday
flight,book a direct trip for 2  infants 2 children 2 adults 
flight,book me a return flight from Eirunepe to Workington 
flight,can i book a flight flying back from FTK to PPW a day before the next weekend
flight,book a flight that do not go via Palu
flight,should i take flight around 15 50 pm to my destination to reach betweeen 11 57 pm 4 43 am
flight,i want a flight booked for Tag der Veteranen
flight,cancel flight booked for iufaeiyu
flight,cancel flight that i booked between 9 13 pm and 21 50 am
flight,i want to come back around 12 48 pm
flight,cancel the fifth flight with 1 stop
flight,i want to reserve return flight for   12 days after Matangi Jayanti
flight,can i take insulin and syringes in my carry on
flight,cancel me flight with return on thursday and departs on 15 january 2060
flight,will flight land after 13 60 am
flight,i want to have air ticket for me
flight,cancel me a return flight on saturday
flight,is my economy return flight late in afternoon
flight,where is Air Burkina EOVE 5 right now
flight,can i book a return flight from CJM to IXU this sunday
flight,cancel flight that i booked between 11 39 pm and 16 4 pm
flight,abort the flight booking on tuesday
flight,fly me on   22 days before Fast of Shiva Asar BTammuz and back on after 1 20 pm
flight,show me status of flight departing in afternoon
flight,should i take flight around 7 1 pm to my destination to reach betweeen 18 2 am 7 8 pm
flight,unreserve me a return flight to Kabale
flight,book flight for grand mother around 5 52 pm
flight,cancel flight booked for eima
flight,book me a flight coming back on wednesday night
flight,is there any flight prior in afternoon
flight,cancel the flight stopping at CEU after 21 9 pm
flight,reserve flight that is in price range 95898  86269
flight,i want a return flight from Can Gio to Ibirite
flight,cancel my return flight that will arrive prior in morning
flight,show me details of window Aero Benin flight
flight,reserve flight for vofolobe sisoruha
flight,is my return flight expected to arrive late noon or around 6 7 am
flight,cancel flight on 11 july 2017 noon
flight,details of flight i reserved for 1 adult
flight,i want to cancel flight booked  eleven days prior Pascha Saturday
flight,cancel flight that was of price twenty six 000
flight,cancel flight that will take off before 20 28 pm
flight,i want to book return flight for Eve of the Feast of the Immaculate Conception
flight,can i take off to Jerusalem around 11 26 am
flight,cancel my a return flight on this saturday
flight,is 3XXQ 9 delayed
flight,book a flight that has no more than 4 stops
flight,what about flight i booked for 1 childs
flight,book a direct trip for 3 infants
flight,i want to come back around 11 23 pm
flight,i want to cancel my return flight to Chimbu Airport
flight,book flight for oejoperi uosiyeha around 8 41 pm
flight,drop the trip booked for 2  children 5 adults 4 infants 
flight,i want to unreserve return flight for  six days prior Gospel Day  Kosrae  
flight,show status of return flight on tuesday predawn
flight,book a return flight in early noon
flight,flight that fly me to Bayonne but do stop at Tiptur
flight,i want to know arrival time of flight scheduled late predawn on thirteen nov
flight,abandon my flight that is departuring prior in midnight
flight,i want to reserve a return flight from Cabo  eleven days before Bhadrapada Purnima Vrat
flight,Buy extra-baggage of 720 kg for I D261
flight,what about flight which is scheduled on monday
flight,do my auto check in of CEIBA Intercontinental flight
flight,what direct trip flights are available on Next to next week noon
flight,book a prior expensive flight that have no more than 4 stop
flight,book a round trip for me and back on before 1 12 pm
flight,what about 3PIN D
flight,book a flight with fare in range eighteen hundred  56894 with atleast 3 stop
flight,show me the status of my flight that is prior dawn
flight,book me a flight on saturday afternoon
flight,please get me a return flight  adjoining day prior Australia Day from Banjul International Airport
flight,i want to travel on  next monday of nov and return on second day of aug
